sanskrit_root,pie_root,set,pie_ends_with_laryngeal,gemini_pie_root,gemini_best_guess
भू,,Y,Y,*bʰuH-,
एध्,,Y,N,*h₁edʰ-,
स्पर्ध्,,Y,N,*sperdʰ-,
गाध्,,Y,N,*gʷadʰ-,
बाध्,,Y,N,*gʷedʰ-,
नाध्,,Y,N,*nedʰ-,N
नाथ्,,Y,N,*knē-,N
दध्,,Y,Y,*dʰédʰeh₁-,
स्कुन्द्,,Y,N,*skend-,N
श्विन्द्,,Y,N,*sweid-,Y
वन्द्,,Y,N,*wendʰ-,
भन्द्,,Y,N,*bʰendʰ-,N
मन्द्,mand-,Y,N,*mend-,
स्पन्द्,,Y,N,*spend-,
क्लिन्द्,,Y,N,*klei-,N
मुद्,,Y,N,*mud-,Y
दद्,,Y,Y,*deh₃-,
स्वद्,,Y,N,*sweh₂d-,
स्वर्द्,,Y,N,*swer-,N
ऊर्द्,,Y,N,*werdʰ-,N
कूर्द्,,Y,N,*kers-,Y
खूर्द्,,Y,N,*swerd-,Y
गूर्द्,,Y,Y,*gʷerH-,Y
गुद्,,Y,N,*gʷewd-,Y
सूद्,,Y,N,*sewd-,
ह्राद्,,Y,N,*kʷred-,Y
ह्लाद्,,Y,Y,*kʷelh₁-,Y
स्वाद्,,Y,N,*sweh₂d-,
पर्द्,,Y,N,*perd-,
यत्,,Y,Y,*yeh₁-,
युत्,,Y,N,*yewd-,N
जुत्,,Y,N,*ǵewd-,Y
विथ्,,Y,Y,*weyh₁-,Y
वेथ्,,Y,N,*wedʰ-,N
श्रन्थ्,,Y,N,*s(k)rendʰ-,
ग्रन्थ्,,Y,N,*gʷrendʰ-,
कत्थ्,,Y,N,*kʷet-,Y
अत्,at-,Y,N,*h₁ed-,
चित्,,Y,N,*kʷey-,
च्युत्,,Y,N,*kʷʰew-,
श्चुत्,,Y,N,*skewd-,N
श्च्युत्,,Y,N,*skewd-,N
ज्युत्,,Y,N,*gyeu-,Y
मन्थ्,,Y,N,*menth-,
कुन्थ्,,Y,-,,Y
पुन्थ्,,Y,N,*bʰunth-,Y
लुन्थ्,,Y,N,*lendʰ-,N
मन्थ्,,Y,N,*menth-,
सिध्,,N,Y,*seh₂-,
सिध्,,N,Y,*seh₂-,
खाद्,,Y,N,*ǵʰedʰ-,
खद्,,Y,N,*kh₂ed-,N
बद्,,Y,N,*gʷʰedʰ-,
गद्,,Y,N,*gʷʰedʰ-,Y
रद्,,Y,N,*wred-,Y
नद्,,Y,Y,*(s)neh₁-,Y
अर्द्,,Y,N,*h₂erdʰ-,
नर्द्,,Y,N,*nerd-,N
गर्द्,,Y,N,*gʷʰerdʰ-,Y
तर्द्,,Y,N,*terd-,Y
कर्द्,,Y,N,*kerd-,Y
खर्द्,,Y,N,*gherd-,Y
अन्त्,anət-,Y,N,*h₂ent-,N
अन्द्,,Y,N,*h₁néd-,N
इन्द्,,Y,N,*h₂eidʰ-,N
बिन्द्,,Y,N,*bʰeydʰ-,
भिन्द्,,Y,N,*bʰeydʰ-,
गण्ड्,,Y,N,*gʷʰen-,N
निन्द्,,Y,N,*neyH-d-,Y
नन्द्,,Y,N,*h₂ned-,N
चन्द्,,Y,N,*kʷend-,N
त्रन्द्,,Y,N,*trend-,Y
कन्द्,"kand-, skand-, and Indo-Iranian (s)kend-",Y,N,*kʷend-,Y
क्रन्द्,,Y,N,*krend-,
क्लन्द्,,Y,N,*kʷlend-,Y
क्लिन्द्,,Y,N,*klei-,N
शुन्ध्,,Y,N,*swendʰ-,
शीक्,,Y,N,*sekʷ-,
सीक्,,Y,N,*sekʷ-,N
लोक्,,Y,N,*lewk-,
श्लोक्,,Y,N,*ḱlew-,
श्रेक्,,Y,N,*sreg-,Y
द्रेक्,,Y,N,*dʰreg-,Y
ध्रेक्,,Y,N,*dʰreg-,Y
रेक्,"rek̑-, reg̑-",Y,N,*leikʷ-,Y
सेक्,,Y,N,*sekʷ-,
स्रेक्,,Y,N,*sreikʷ-,Y
स्रङ्क्,,Y,N,*srengʷ-,Y
श्रङ्क्,,Y,N,*srengʷ-,Y
श्लङ्क्,,Y,N,*slengʷ-,Y
शङ्क्,,Y,N,*kʷenkʷ-,N
अङ्क्,,Y,N,*h₂negʷ-,N
वङ्क्,,Y,N,*wegʷʰ-,Y
मङ्क्,,Y,N,*men-,Y
कक्,kāk-,Y,N,*kak-,Y
कुक्,,Y,-,,
वृक्,,Y,N,*wṛkʷ-,
चक्,,Y,N,*kʷekʷ-,N
कङ्क्,k̑ank-,Y,N,,
वङ्क्,,Y,N,*wegʷʰ-,Y
श्वङ्क्,,Y,-,,
त्रङ्क्,,Y,N,*teren-,Y
ढौक्,,Y,N,*dʰewk-,Y
त्रौक्,,Y,N,*trowk-,Y
ष्वष्क्,,Y,N,*swes-,Y
वस्क्,,Y,N,*woskʷ-,
मस्क्,,Y,N,*masek-,Y
टिक्,,Y,-,,Y
टीक्,,Y,-,,Y
तिक्,,Y,N,*teiǵ-,Y
तीक्,,Y,N,*steig-,
रङ्घ्,,Y,-,,Y
लङ्घ्,,Y,N,*sleh₂gʷ-,N
ष्वक्क्,,Y,N,*swegʷʰ-,Y
अङ्घ्,ang̑h-,Y,N,*h₂engʷʰ-,Y
वङ्घ्,,Y,-,,Y
मङ्घ्,,Y,N,*mengʷʰ-,Y
राघ्,,Y,N,*reg-,Y
लाघ्,lā̆gh-,Y,N,*h₁legʰ-,N
द्राघ्,,Y,N,*dʰl̥gʰ-,N
ध्राघ्,,Y,N,*dʰregʰ-,
श्लाघ्,,Y,N,*sleh₂gʷʰ-,
फक्क्,,Y,-,,Y
तक्,"tak-, takē(i)-",Y,N,*tekʷ-,Y
तङ्क्,,Y,-,,Y
बुक्क्,,Y,-,,Y
शुक्,,Y,N,*lewk-,Y
कख्,,Y,N,*kʷekʷ-,Y
ओख्,,Y,N,*h₂egʷʰ-,Y
राख्,,Y,N,*reǵ-,Y
लाख्,,Y,N,*legʰ-,Y
द्राख्,,Y,N,*dʰregʰ-,Y
ध्राख्,,Y,N,*dʰregʰ-,Y
शाख्,,Y,N,*sekʷ-,Y
श्लाख्,,Y,N,*slekʷ-,Y
उख्,,Y,N,*h₁ewǵʰ-,Y
उङ्ख्,,Y,N,*h₁engʷʰ-,Y
वख्,,Y,N,*weǵʰ-,Y
वङ्ख्,,Y,N,*wengʷʰ-,Y
मख्,,Y,N,*maǵʰ-,Y
मङ्ख्,,Y,N,*mengʷʰ-,Y
नख्,,Y,N,*h₃negʷʰ-,Y
नङ्ख्,,Y,-,,Y
रख्,,Y,N,*reg-,Y
रङ्ख्,,Y,N,*wreǵ-,Y
लख्,,Y,N,*sleh₂gʷ-,Y
लङ्ख्,,Y,N,*sleh₂gʷ-,Y
इख्,,Y,N,*sekʷ-,Y
इङ्ख्,,Y,N,*sekʷ-,Y
जभ्,,Y,N,*ǵʰabh-,Y
ईङ्ख्,,Y,N,*h₁ey-,N
वल्ग्,,Y,N,*welǵ-,N
रङ्ग्,,Y,N,*reǵ-,N
लङ्ग्,,Y,N,*sleg-,Y
अङ्ग्,,Y,N,*h₂negʷ-,N
वङ्ग्,,Y,N,*wegʷʰ-,Y
मङ्ग्,,Y,N,*meng-,Y
तङ्ग्,,Y,N,*teg-,Y
त्वङ्ग्,,Y,N,*tewh-,Y
श्वेल्,,Y,N,*swel-,
श्रङ्ग्,,Y,N,*sreng-,Y
श्लङ्ग्,,Y,N,*slek-,N
इङ्ग्,,Y,N,*h₁ey-,Y
रिङ्ग्,,Y,N,*rei-,Y
लिङ्ग्,,Y,N,*leyǵʰ-,Y
खर्ख्,,Y,N,*ǵʰers-,Y
कक्ख्,,Y,-,,Y
रिख्,,Y,N,*wreikʷ-,Y
घर्ब्,,Y,N,*gʷʰerbʰ-,Y
नर्ब्,,Y,-,,Y
भर्ब्,,Y,N,*bʰer-,
त्रख्,,Y,-,,Y
त्रिङ्ख्,,Y,-,,Y
शिङ्ख्,,Y,-,,Y
युङ्ग्,,Y,N,*yewg-,
जुङ्ग्,,Y,-,,Y
बुङ्ग्,,Y,-,,Y
वुङ्ग्,,Y,-,,Y
घघ्,,Y,N,*gʷʰegʷʰ-,N
घग्घ्,,Y,N,*gʷʰegʷʰ-,Y
वर्ब्,,Y,N,*werp-,
बभ्र्,,Y,N,*bʰebʰru-,Y
मङ्घ्,,Y,N,*mengʷʰ-,Y
शिङ्घ्,,Y,N,*sengʷʰ-,Y
मज्,,Y,N,*mezg-,
वर्च्,,Y,N,*wrekʷ-,
सच्,,Y,N,*sekʷ-,
लोच्,,Y,N,*lewk-,
शच्,,Y,N,*sekʷ-,Y
श्वच्,,Y,N,*swekʷ-,Y
श्वञ्च्,,Y,N,*swenkʷ-,Y
कच्,,Y,N,*kak-,Y
कञ्च्,,Y,N,*kenk-,Y
काञ्च्,,Y,N,*kenk-,Y
मच्,,Y,N,*mag-,Y
मुञ्च्,,Y,N,*mewk'-,
मञ्च्,,Y,N,*menk-,Y
पञ्च्,,Y,N,*pénkʷe,
स्तुच्,,Y,N,*stew-,
ऋज्,,Y,N,*reg-,
ऋञ्ज्,,Y,N,*wreǵ-,
भृज्,,Y,N,*bʰerǵ́-,
एज्,,Y,N,*h₂eǵ-,Y
भ्रेज्,,Y,N,*bʰreǵ-,Y
भ्राज्,,Y,N,*bʰl̥ǵ-,
काड्,,Y,N,*kad-,N
ईज्,,Y,Y,*yeH-,Y
पेब्,,Y,N,*peib-,Y
प्लेब्,,Y,N,*pleib-,Y
शुच्,,Y,N,*ḱewḱ-,Y
कुच्,,Y,N,*kʷekʷ-,Y
कुञ्च्,,Y,N,*kenk-,Y
क्रुञ्च्,,Y,N,*gʷrenkʷ-,Y
लुञ्च्,,Y,N,*lewk-,Y
अञ्च्,,Y,N,*h₂enk'-,
वञ्च्,,Y,N,*wenkʷ-,N
चञ्च्,,Y,N,*kʷenkʷ-,Y
तञ्च्,,N,N,*tenk-,Y
त्वञ्च्,,Y,N,*tʷenkʷ-,Y
म्रुञ्च्,,Y,N,*merǵ-,Y
म्लुञ्च्,,Y,N,*melǵ-,Y
म्रुच्,,Y,N,*merǵ-,Y
म्लुच्,,Y,N,"*mlēw-, *mel-",Y
ग्रुच्,,Y,N,*gʷʰer-,Y
ग्लुच्,,Y,N,*glew-,Y
कुज्,,Y,N,*gʷekʷ-,Y
खुज्,,Y,N,*kews-,Y
ग्लुञ्च्,,Y,N,*glewgh-,Y
सज्ज्,,Y,N,*sed-,Y
गुज्,,Y,N,*gʷewd-,Y
गुञ्ज्,,Y,Y,*gʷenh₂-,Y
अर्च्,,Y,N,*h₂elḱ-,
म्लेच्छ्,,Y,N,*mélǵ-,Y
लच्छ्,,Y,-,,Y
लाञ्छ्,,Y,-,,Y
वाञ्छ्,,Y,-,,Y
आञ्छ्,,Y,-,,Y
ह्रीच्छ्,,Y,N,*ghrei-,N
हूर्छ्,,Y,N,*wer-,Y
मूर्छ्,,Y,N,*mer-,Y
स्फूर्छ्,,Y,Y,*(s)p(h)erH-,
युच्छ्,,Y,N,*yeug-,Y
उञ्छ्,,Y,N,*h₂ems-,Y
उच्छ्,,Y,N,*ut-,Y
ध्रज्,,Y,N,*dʰreǵʰ-,N
ध्रञ्ज्,,Y,N,*dʰrenǵʰ-,
अण्ट्,,Y,N,*h₂ned-,Y
रेब्,,Y,N,*rebʰ-,Y
धृज्,,Y,N,*dʰreǵʰ-,N
धृञ्ज्,,Y,N,*dʰer-,N
ध्वज्,,Y,-,,Y
ध्वञ्ज्,,Y,-,,Y
सल्,,Y,N,*sal-,N
कूज्,,Y,-,,Y
भृष्,,Y,N,*bʰerǵʰ-,
अर्ज्,,Y,N,*h₂reǵ-,
सर्ज्,,Y,N,*serǵʰ-,
गर्ज्,,Y,Y,*ǵerh₂-,
तर्ज्,,Y,N,*terkʷ-,N
कर्ज्,,Y,N,*kers-,Y
खर्ज्,,Y,N,*ghers-,Y
अज्,,Y,N,*h₂éǵʰ-,
तेज्,,Y,N,*steygʷʰ-,
खज्,,Y,N,*ghedh-,Y
कव्,,Y,N,*kew-,Y
खञ्ज्,,Y,N,*ǵʰens-,Y
एज्,,Y,N,*h₂eǵ-,Y
स्फूर्ज्,,Y,N,*(s)p(h)er(ǵ)-,Y
क्षि,,N,N,*tḱey-,
क्षीज्,,Y,N,*ǵʰtei̯-,Y
लज्,,Y,N,*led-,Y
लञ्ज्,,Y,N,*lenk-,Y
लाज्,,Y,N,*las-,Y
लाञ्ज्,,Y,N,*sleg-,Y
जज्,,Y,N,*gag-,Y
जञ्ज्,,Y,N,*gag-,Y
तुज्,,Y,N,*tewk-,Y
तुञ्ज्,,Y,N,*tewk-,Y
गज्,,Y,Y,*ǵʰeh₂-,N
गञ्ज्,,Y,Y,*gʷeyH-,N
गृज्,,Y,N,*gʷerH₂-,N
गृञ्ज्,,Y,Y,*ǵʷerh₂-,N
मुज्,,Y,N,*mewǵ-,Y
मुञ्ज्,,Y,N,*mewǵ-,N
वज्,,Y,N,*weǵʰ-,N
व्रज्,,Y,N,*wreǵ-,N
अट्ट्,,Y,-,,Y
वेष्ट्,,Y,N,*wes-,
चेष्ट्,,Y,N,*kʷeis-,Y
गोष्ट्,,Y,-,,
लोष्ट्,,Y,Y,*lewH-,Y
घट्ट्,,Y,N,*ghedh-,Y
स्फुट्,,Y,N,*spleit-,
अण्ठ्,,Y,N,*h₂en-,Y
वण्ठ्,,Y,N,*wendʰ-,Y
मण्ठ्,,Y,N,*men-,Y
कण्ठ्,,Y,N,*kan-,Y
मुण्ठ्,,Y,N,*mew-,Y
हेठ्,,Y,-,,Y
एठ्,,Y,-,,Y
हिण्ड्,,Y,-,,Y
हुण्ड्,,Y,-,,Y
कुण्ड्,,Y,N,*gʷʰen-,Y
वण्ड्,,Y,N,*wendʰ-,Y
मण्ड्,mand-,Y,N,*mend-,Y
भण्ड्,,Y,N,*bʰendʰ-,Y
पिण्ड्,,Y,N,*peyt-,N
मुण्ड्,,Y,-,,Y
तुण्ड्,,Y,Y,*stewh₂-,Y
हुण्ड्,,Y,-,,Y
स्फुण्ड्,,Y,N,*spond-,Y
चण्ड्,,Y,N,*skend-,Y
शण्ड्,,Y,-,,Y
तण्ड्,,Y,N,*tend-,Y
पण्ड्,,Y,N,*pend-,N
कण्ड्,"kand-, skand-, and Indo-Iranian (s)kend-",Y,N,*kʷend-,N
खण्ड्,,Y,N,*skend-,Y
हेड्,,Y,N,*gʷʰedʰ-,N
होड्,,Y,N,*sed-,Y
बाड्,,Y,Y,*gʷeh₂-,Y
वाड्,,Y,Y,*gʷeh₂-,Y
द्राड्,,Y,N,*dʰreh₁gʷʰ-,Y
ध्राड्,,Y,N,*dʰregʷʰ-,Y
शाड्,,Y,N,*sed-,Y
शौट्,,Y,N,*kʷet-,Y
यौट्,,Y,N,*yewd-,Y
मेड्,,Y,N,*med-,
म्रेड्,,Y,N,*meld-,Y
म्लेट्,,Y,Y,*melh₂-,Y
चट्,,Y,-,,Y
कट्,k̑at-,Y,N,*kat-,N
अट्,at-,Y,N,*h₂ed-,Y
पट्,,Y,N,*pet-,N
रट्,,Y,N,*ret-,Y
लट्,lat-,Y,Y,*leh₁-,Y
शट्,,Y,N,*sekʷ-,Y
वट्,,Y,N,*wāt-,Y
किट्,,Y,N,*skheid-,Y
खिट्,,Y,-,,Y
शिट्,,Y,N,*skeyt-,Y
सिट्,,Y,N,*sey-,Y
जट्,,Y,N,*gʷʰedʰ-,Y
झट्,,Y,-,,Y
भट्,bhāt- : bhət-,Y,N,*bheidh-,Y
तट्,,Y,N,*tet-,Y
खट्,,Y,N,*kadh-,Y
नट्,,Y,N,*(s)ned-,Y
पिट्,,Y,N,*pē(i)t-,Y
हट्,,Y,N,*ghed-,Y
सट्,,Y,N,*sed-,
लुट्,,Y,Y,*lewH-,Y
लुड्,,Y,-,,
चिट्,,Y,-,,
विट्,,Y,-,,
बिट्,,Y,-,,
हिट्,,Y,N,*ǵʰedʰ-,N
इट्,,Y,N,*h₁ey-,
किट्,,Y,N,*skheid-,Y
कट्,k̑at-,Y,N,*kat-,N
चुण्ट्,,Y,N,*gew-,Y
मण्ड्,mand-,Y,N,*mend-,Y
कुण्ड्,,Y,N,*gʷʰen-,Y
कुण्ठ्,,Y,N,*kont-,Y
मुड्,,Y,N,*smeud-,Y
प्रुड्,,Y,N,*prewd-,Y
मुट्,,Y,N,*mewt-,Y
पुड्,,Y,N,*bʰewdʰ-,Y
चुण्ड्,,Y,-,,Y
मुण्ड्,,Y,-,,Y
पुण्ड्,,Y,-,,Y
रुण्ट्,,Y,-,,Y
लुण्ट्,,Y,-,,Y
रुण्ठ्,,Y,N,*Hrewdʰ-,Y
लुण्ठ्,,Y,-,,Y
रुण्ड्,,Y,N,*Hrewdʰ-,Y
लुण्ड्,,Y,Y,*lewH-,Y
वण्ट्,,Y,N,*wend-,Y
स्फण्ट्,,Y,-,,Y
स्फुट्,,Y,N,*spleit-,
स्फुण्ट्,,Y,N,*spond-,Y
पठ्,,Y,Y,*peth₂-,N
वठ्,,Y,-,,Y
हौड्,,Y,N,*h₂ed-,Y
मठ्,,Y,N,*mendʰ-,Y
कठ्,,Y,N,*kat-,Y
रठ्,,Y,N,*ret-,Y
रट्,,Y,N,*ret-,Y
हठ्,,Y,N,*dʰegʷʰ-,Y
रुठ्,,Y,N,*h₁rewdʰ-,Y
लुठ्,,Y,N,*lewdʰ-,Y
ऊठ्,,Y,N,*h₂ewd-,Y
उठ्,,Y,N,*h₁ewd-,Y
पिठ्,,Y,Y,*pi-th₂-,Y
शठ्,,Y,-,,Y
शुठ्,,Y,-,,Y
शूठ्,,Y,N,*skewd-,Y
कुण्ठ्,,Y,N,*kont-,Y
लुण्ठ्,,Y,-,,Y
शुण्ठ्,,Y,-,,Y
रुण्ठ्,,Y,N,*Hrewdʰ-,Y
लुण्ठ्,,Y,-,,Y
चुड्ड्,,Y,-,,
अड्ड्,,Y,N,*h₂ed-,N
कड्ड्,,Y,N,*sked-,Y
क्रीड्,,Y,N,*ḱrey-,
तुड्,,Y,N,*(s)tewd-,N
तूड्,,Y,N,*(s)teud-,N
हुड्,,Y,N,*ǵʰew-,Y
हूड्,,Y,-,,
होड्,,Y,N,*sed-,Y
रौड्,,Y,N,*reudh-,Y
रोड्,,Y,N,*h₁re(dʰ)-,Y
लोड्,,Y,N,*h₁leh₁d-,Y
अड्,,Y,N,*h₂ed-,N
लड्,,Y,-,,Y
लल्,,Y,Y,*lelH-,N
कड्,kā̆d-,Y,N,*sked-,N
कण्ड्,"kand-, skand-, and Indo-Iranian (s)kend-",Y,N,*kʷend-,N
गण्ड्,,Y,N,*gʷʰen-,N
तिप्,,N,N,*steyp-,Y
तेप्,tep-,Y,N,*tep-,Y
स्तिप्,,Y,N,*steyp-,Y
स्तेप्,,Y,N,*steyp-,Y
ग्लेप्,,Y,N,*gleyp-,N
वेप्,,Y,N,*wep-,N
केप्,,Y,N,*kep-,N
गेप्,,Y,N,*gebh-,N
ग्लेप्,,Y,N,*gleyp-,N
मेप्,,Y,N,*h₂mep-,Y
रेप्,rep-,Y,N,*h₁rep-,Y
लेप्,"lēp-, lōp-, ləp-",Y,N,*h₁leybʰ-,
हेप्,,Y,N,*seh₁p-,Y
धेप्,,Y,N,*dʰeh₁p-,Y
त्रप्,,N,N,*trep-,
कम्प्,kam-p-,Y,N,*kamp-,
रम्ब्,,Y,N,*wrembʰ-,Y
लम्ब्,,Y,-,,
अम्ब्,,Y,-,,
लम्ब्,,Y,-,,
कब्,,Y,-,,
क्लीब्,,Y,-,,
क्षीब्,,Y,N,*skʷēy-,N
क्षीव्,,Y,Y,*gʷih₃-,Y
शीभ्,,Y,-,,Y
लौड्,,Y,-,,Y
चीभ्,,Y,-,,Y
रेभ्,,Y,N,*h₁reǵʰ-,N
अम्भ्,,Y,N,*h₂nebʰ-,N
रम्भ्,,Y,N,*h₁rembʰ-,Y
सिध्,,N,Y,*seh₂-,
स्तम्भ्,,Y,N,*stembh-,
स्कम्भ्,,Y,N,*(s)tep-,
जभ्,,Y,N,*ǵʰabh-,Y
जृम्भ्,,Y,N,*ǵrembʰ-,Y
शल्भ्,,Y,N,*selbʰ-,Y
वल्भ्,,Y,N,*welbʰ-,Y
गल्भ्,,Y,N,*gelbʰ-,Y
श्रम्भ्,,Y,N,*srembʰ-,Y
स्रम्भ्,,Y,N,*sremb-,Y
स्तुभ्,,Y,N,*stebʰ-,N
गुप्,,Y,N,*gʷʰobʰ-,
धूप्,,Y,Y,*dʰuh₂-,
जप्,,Y,-,,Y
जल्प्,,Y,-,,Y
चप्,,Y,N,*(s)tep-,Y
सप्,"sap-, sab-",Y,N,*sep-,
रप्,"rāp-, rēp-",Y,-,,Y
लप्,lāp-,Y,N,*lep-,N
चुप्,,Y,N,*kʷēp-,Y
तुप्,,Y,N,*stewp-,Y
तुम्प्,,Y,N,*tewp-,Y
त्रुप्,,Y,N,*trewp-,Y
त्रुम्प्,,Y,N,*dremb-,Y
तुफ्,,Y,N,*tup-,Y
तुम्फ्,,Y,N,*tump-,Y
त्रुफ्,,Y,N,*droub-,Y
त्रुम्फ्,,Y,N,*dremb-,Y
पर्प्,,Y,N,*per-,N
रफ्,,Y,N,*rebh-,Y
रम्फ्,,Y,-,,Y
अर्ब्,,Y,N,*h₁erbʰ-,N
पर्ब्,,Y,-,,Y
लर्ब्,,Y,N,*h₂lebʰ-,Y
बर्ब्,,Y,N,*bʰer-,Y
मर्ब्,,Y,N,*mer-,Y
कर्ब्,,Y,N,*ker-,Y
खर्ब्,,Y,N,*ǵʰer-,Y
गर्ब्,,Y,N,*gʷerbʰ-,N
शर्ब्,,Y,-,,Y
सर्ब्,,Y,-,,Y
चर्ब्,,Y,-,,Y
कुम्ब्,,Y,N,*kʷemp-,Y
लुम्ब्,,Y,N,*lumbʰ-,Y
तुम्ब्,,Y,Y,*tewh₂-,Y
चुम्ब्,,Y,N,*ǵʰembʰ-,
सृभ्,,Y,N,*srewbʰ-,Y
सृम्भ्,,Y,N,*srembʰ-,Y
सिभ्,,Y,N,*seybʰ-,Y
सिम्भ्,,Y,N,*s(w)em(bʰ)-,Y
शुभ्,,Y,N,*ḱewbʰ-,
शुम्भ्,,Y,N,*skubh-,Y
घिण्ण्,,Y,N,*gʷʰen-,Y
घुण्ण्,,Y,N,*gʷʰen-,Y
घृण्ण्,,Y,N,*gʷʰren-,Y
घुण्,,Y,N,*gʷʰen-,N
घूर्ण्,,Y,N,*gʷʰer-,N
पण्,pā̆n-,Y,Y,*peh₂-,
पन्,,Y,N,*pent-,
भाम्,,Y,Y,*bʰeh₂-,
क्षम्,,N,N,*kem-,N
कम्,kā̆m-,Y,N,*ḱem-,
अण्,,Y,Y,*h₁enh₂-,N
रण्,,Y,N,*Hren-,Y
वण्,,Y,Y,*wenh₁-,N
भण्,,Y,Y,*bʰeh₂-,
मण्,,Y,N,*men-,N
कण्,kan-,Y,N,*kan-,Y
क्वण्,,Y,-,,Y
व्रण्,,Y,-,,Y
भ्रण्,,Y,N,*bhren-,N
ध्वण्,,Y,N,*dʰwen-,Y
धण्,,Y,N,*dʰen-,Y
ओण्,,Y,N,*h₁e-,Y
शोण्,,Y,N,*ḱwen-,Y
श्रोण्,,Y,N,*ḱlew-,N
श्लोण्,,Y,N,*ḱlew-,N
पैण्,,Y,Y,*peiH-,Y
प्रैण्,,Y,Y,*perH-,Y
ध्रण्,,Y,N,*dʰer-,Y
बण्,,Y,Y,*bʰeh₂-,Y
कन्,kan-,Y,N,*kan-,N
स्तन्,,Y,N,*sten-,
वन्,,Y,Y,*wenh₁-,
वन्,,Y,Y,*wenh₁-,
सन्,,Y,N,*h₁es-,
अम्,amə-,Y,N,*h₂em-,
द्रम्,,Y,N,*drem-,Y
हम्म्,,Y,N,*kem-,Y
मीम्,,Y,Y,*meh₁-,
चम्,,Y,N,*(s)kem-,Y
छम्,,Y,N,*skend-,Y
जम्,,Y,N,*ǵem-,
झम्,,Y,N,*gʷʰem-,Y
जिम्,,Y,N,*ǵem-,Y
क्रम्,,Y,N,*ḱrem-,
अय्,,Y,N,*h₁ey-,
वय्,,Y,Y,*h₂weyh₁-,
पय्,,Y,Y,*peh₃-,
मय्,,Y,Y,*meh₁-,N
चय्,,Y,Y,*kʷyeh₁-,
तय्,,Y,Y,*teh₂-,
नय्,,Y,N,*h₂ne-,
दय्,,Y,Y,*deh₁-,
रय्,,Y,N,*h₁rei-,
यय्,,Y,N,*h₁i-,
ऊय्,,Y,Y,*h₂weyh₁-,Y
पूय्,,Y,Y,*puH-,
क्नूय्,,Y,Y,*ǵneh₂-,Y
क्ष्माय्,,Y,N,*dʰéǵʰōm,Y
स्फाय्,,Y,Y,*speh₁-,N
प्याय्,,Y,N,*pī(H)-,
ताय्,,Y,N,*stā-,
शल्,,Y,N,*skel-,Y
वल्,,Y,Y,*welH-,N
वल्ल्,,Y,Y,*welH-,N
मल्,,Y,Y,*melH-,N
मल्ल्,,Y,Y,*melH-,Y
भल्,,Y,N,*bhel-,Y
भल्ल्,,Y,N,*bhel-,Y
कल्,,Y,N,*kel-,N
कल्ल्,,Y,N,*kel-,Y
तेव्,,Y,N,*tekw-,Y
देव्,,Y,N,*deywós,
सेव्,,Y,N,*sekw-,Y
गेव्,,Y,Y,*gʷeh₂-,Y
ग्लेव्,,Y,-,,
पेव्,,Y,-,,
मेव्,,Y,-,,
म्लेव्,,Y,-,,
शेव्,,Y,-,,
खेव्,,Y,N,*ǵʰew-,
प्लेव्,,Y,N,*plew-,
केव्,,Y,Y,*kʷeyH-,N
रेव्,,Y,Y,*HrewH-,N
मव्य्,,Y,Y,*mewH-,Y
सूर्क्ष्य्,,Y,-,,Y
ईर्क्ष्य्,,Y,N,*Hyeh₁s-,Y
ईर्ष्य्,,Y,N,*h₁ers-,N
हय्,,Y,Y,*ǵʰeh₂-,Y
शुच्य्,,Y,N,*ḱweyt-,
चुच्य्,,Y,-,,Y
हर्य्,,Y,Y,*ǵʰelh₂-,
अल्,,Y,N,*h₂el-,Y
फल्,,Y,N,*bʰel-,
मील्,,Y,Y,*melh₂-,Y
श्मील्,,Y,N,*smel-,Y
स्मील्,,Y,N,*smel-,Y
क्ष्मील्,,Y,-,,
पील्,,Y,N,*pel-,Y
नील्,,Y,N,*nei-,Y
शील्,,Y,Y,*kʷelH-,
कील्,,Y,Y,*gʷelH-,Y
कूल्,,Y,N,*kʷel-,Y
शूल्,,Y,N,*sū̆l-,Y
तूल्,,Y,Y,*telh₂-,Y
पूल्,,Y,Y,*pelh₂-,N
मूल्,,Y,N,*h₂mel-,
फल्,,Y,N,*bʰel-,
चुल्ल्,,Y,N,*kʷel-,Y
फुल्ल्,,Y,N,*bʰel-,
चिल्ल्,,Y,N,*skel-,Y
तिल्,,Y,N,*til-,Y
तिल्ल्,,Y,N,*tel-,Y
वेल्,,Y,Y,*welH-,
चेल्,,Y,N,*kʷel-,Y
केल्,"kēl-, kōl-, kəl-",Y,Y,*kelh₁-,N
खेल्,,Y,N,*ghel-,Y
क्ष्वेल्,,Y,N,*kwel-,Y
वेल्ल्,,Y,Y,*welH-,
चेल्ल्,,Y,N,*kel-,Y
पेल्,"pelə-, plā-",Y,Y,*pelh₂-,Y
फेल्,phel-,Y,N,*bhel-,Y
शेल्,,Y,N,*swel-,Y
सेल्,,Y,N,*sel-,Y
स्खल्,,Y,Y,*skelH-,
खल्,,Y,N,*skel-,Y
गल्,,Y,Y,*gʷelH-,Y
सल्,,Y,N,*sal-,N
दल्,,Y,Y,*dalh₂-,Y
श्वल्,,Y,N,*swel-,N
श्वल्ल्,,Y,N,*swel-,Y
खोल्,,Y,N,*ghel-,Y
खोर्,,Y,N,*ǵʰʰer-,N
धोर्,,Y,N,*dʰer-,N
त्सर्,,Y,N,*ters-,N
क्मर्,,Y,N,*ǵem-,Y
अभ्र्,,Y,N,*nebʰ-,Y
वभ्र्,,Y,N,*webʰ-,Y
मभ्र्,,Y,N,*mebʰ-,Y
चर्,,Y,N,*kʷer-,
ष्ठिव्,,Y,N,*ptu-,
जि,,Y,Y,*ǵʰiH-,
जीव्,,Y,N,*gʷih₃w-,
पीव्,,Y,Y,*piH-,
मीव्,,Y,N,*meiH₁-,
तीव्,,Y,N,*stéi̯ǵʰ-,
नीव्,,Y,N,*ney-,Y
क्षीव्,,Y,Y,*gʷih₃-,Y
क्षेव्,,Y,Y,*kʷyeh₁-,Y
ऊर्व्,,Y,N,*h₁wer-,N
तूर्व्,,Y,N,*twer-,Y
थूर्व्,,Y,-,,Y
दूर्व्,,Y,-,,Y
धूर्व्,,Y,N,*dʰwer-,Y
गूर्व्,,Y,Y,*gʷerH-,N
मूर्व्,,Y,N,*smerv-,Y
पूर्व्,,Y,N,*pel-,
पर्व्,,Y,N,*per-,N
मर्व्,,Y,N,*mer-,Y
चर्व्,,Y,N,*ǵʰer-,N
भर्व्,,Y,N,*bʰer-,N
पर्ष्,,Y,N,*pers-,N
बंह्,,Y,N,*bʰenǵʰ-,
कर्व्,,Y,N,*ker-,N
खर्व्,,Y,N,*gher-,Y
गर्व्,,Y,Y,*gʷerH-,N
अर्व्,,Y,N,*h₃erw- (to set in motion),
शर्व्,,Y,N,*ḱer-,Y
सर्व्,,Y,N,*ser-,N
इन्व्,,Y,N,*h₁ei-,Y
पिन्व्,,Y,Y,*peiH-/*piH-,
मिन्व्,,Y,N,*mei-,
निन्व्,,Y,N,*h₁nei-,Y
सिन्व्,,Y,N,*sēi-,Y
हिन्व्,,Y,Y,*ǵʰeyh₂-,N
दिन्व्,,Y,N,*dyeu-,Y
धिन्व्,,Y,Y,*dʰenh₂-,Y
जिन्व्,,Y,Y,*gʷih₃-,Y
रिन्व्,,Y,Y,*reiH-,Y
रन्व्,,Y,N,*h₂ren-,N
धन्व्,,Y,N,*dʰen-,N
कृन्व्,,Y,N,*kʷel-,
मव्,,Y,Y,*meh₂-,N
अव्,,Y,N,*h₂eṷ-,
धाव्,,Y,N,*dʰew-,
धुक्ष्,,Y,N,*dʰewgʷʰ-,N
धिक्ष्,,Y,N,*deyḱ-,N
वृक्ष्,,Y,N,*wreǵ-,Y
शिक्ष्,,Y,N,*dek-,Y
भिक्ष्,,Y,N,*bʰeg-,Y
क्लेश्,,Y,Y,*gleh₂-,
दक्ष्,,Y,N,*deḱ-,N
दीक्ष्,,Y,N,*deyǵʰ-,Y
ईक्ष्,,Y,N,*sekʷ-,
ईष्,,Y,N,*h₁eys-,N
भाष्,,Y,Y,*bʰeh₂-,N
वर्ष्,,Y,N,*wers-,
गेष्,,Y,N,*ǵʰēy-,Y
ग्लेष्,,Y,N,*gleh₁y-,Y
पेष्,,Y,N,*pis-,
एष्,es-,Y,N,*h₁ey-,
येष्,,Y,Y,*yeh₁-,Y
जेष्,,Y,N,*ǵʰēy-,N
नेष्,nes-,Y,N,*ned-,Y
एष्,es-,Y,N,*h₁ey-,
प्रेष्,,Y,N,*spred-,
रेष्,,Y,N,*h₁rey-,Y
हेष्,,Y,N,*h₂ēǵʰ-,Y
ह्रेष्,,Y,N,*ghrei-,Y
कास्,"k̑as-, k̑as-no-",Y,N,*kʷeh₁s-,
भास्,,Y,Y,*bʰeh₂-,
नास्,nas-,Y,N,*nas-,
रास्,,Y,Y,*dʰeh₁-,
नस्,nas-,Y,N,*ned-,
भ्यस्,,Y,Y,*bʰiH-,N
शंस्,,Y,N,*ḱens-,
ग्रस्,gras- : grō̆s-,Y,N,*gʷorh-,
ग्लस्,,Y,Y,*ǵleh₂-,N
ईह्,,Y,Y,*yeh₁-,
वंह्,,Y,N,*wegʷʰ-,
मंह्,,Y,N,*men-,
अंह्,,Y,N,*h₂eŋʰ-,
गर्ह्,,Y,Y,*gʷerH-,N
गल्ह्,,Y,Y,*gʷelh₂-,N
बर्ह्,,Y,N,*bʰerǵʰ-,
बल्ह्,,Y,N,*bʰel-,Y
वर्ह्,,Y,N,*werǵʰ-,
वल्ह्,,Y,Y,*welH-,
प्लिह्,,Y,N,*pleḱ-,N
वेह्,,Y,N,*h₁weǵʰ-,N
जेह्,,Y,N,*ǵʰēǵʰ-,
बाह्,,Y,Y,*gʷeh₂-,
द्राह्,,Y,N,*dʰregʰ-,
काश्,"k̑as-, k̑as-no-",Y,N,*kʷeḱ-,N
ऊह्,,Y,N,*wegʰ-,
गाह्,,N,Y,*gʷʰeh₂-,
गृह्,,N,N,*gʰrebʰ-,
ग्लह्,,Y,Y,*gleh₂-,
घष्,,Y,N,*gʰes-,
घुंष्,,Y,N,*ǵʰʰwens-,
घुष्,,Y,N,*ǵʰews-,
अक्ष्,,N,N,*h₃ókʷs,
तक्ष्,,Y,N,*teks-,
त्वक्ष्,,N,N,*twek-,
उक्ष्,,Y,N,*ukʷ-,
रक्ष्,,Y,N,*h₂leǵʰ-,
निक्ष्,,Y,N,*neygʷ-,Y
त्रक्ष्,,Y,N,*dʰreǵʰ-,Y
स्त्रक्ष्,,Y,N,*streǵʰ-,Y
तृक्ष्,,Y,N,*terkʷ-,Y
स्तृक्ष्,,Y,N,*ster-,
नक्ष्,,Y,N,*nokʷt-,
वक्ष्,,Y,N,*wekʷ-,
मृक्ष्,,Y,N,*melǵʰ-,Y
म्रक्ष्,,Y,N,*melǵʰ-,Y
तक्ष्,,Y,N,*teks-,
पक्ष्,,Y,N,*pekʷ-,
सूर्क्ष्,,Y,N,*sū́l-,Y
सल्,,Y,N,*sal-,N
काङ्क्ष्,,Y,N,*kenk-,Y
वाङ्क्ष्,,Y,N,*weng-,Y
माङ्क्ष्,,Y,N,*meng-,Y
द्राङ्क्ष्,,Y,N,*drenk-,Y
ध्राङ्क्ष्,,Y,N,*dʰregʷʰ-,Y
ध्वाङ्क्ष्,,Y,N,*dʰʷegʷʰ-,Y
शुच्य्,,Y,N,*ḱweyt-,
चूष्,,Y,N,*ǵews-,Y
तूष्,,Y,Y,*tewh₂-,Y
पूष्,,Y,Y,*pewh₂-,Y
मूष्,mūs,Y,N,*mūs,Y
लूष्,"lū̆s, genitive luu̯-ós",Y,Y,*lewH-,Y
रूष्,,Y,N,*reudh-,Y
शूष्,,Y,Y,*sewh₂-,
सूष्,,Y,Y,*sewh₁-,Y
यूष्,,Y,N,*yūs,Y
जूष्,,Y,N,*ǵews-,N
भूष्,,Y,Y,*bʰewH-,
ग्लुह्,,N,N,*glewgh-,Y
ऊष्,,Y,N,*h₁ūs-,
ईष्,,Y,N,*h₁eys-,N
कष्,"k̑as-, k̑as-no-",Y,N,*kes-,Y
खष्,,Y,N,*ghas-,Y
शिष्,,Y,N,*sekʷ-,
जष्,,Y,N,*ǵʰes-,Y
झष्,,Y,N,*gʷʰes-,Y
शष्,,Y,-,,Y
वष्,,Y,N,*wekʷ-,Y
मष्,,Y,N,*mēs-,Y
रुष्,,Y,N,*reus-,Y
रिष्,,Y,N,*h₁rei-,
भष्,,Y,N,*bhes-,Y
उष्,,Y,N,*h₂ews-,
जिष्,,Y,N,*gies-,Y
विष्,,N,N,*weis-,Y
मिष्,,Y,N,*meygʷʰ-,Y
मुष्,mūs,Y,N,*mus-,
पुष्,,Y,N,*pus-,
श्रिष्,,Y,N,*ḱley-,N
श्लिष्,,Y,N,*sleikʷ-,
प्रुष्,,Y,N,*spre(u)ǵʰ-,Y
प्लुष्,,Y,N,*plew-,
पृष्,,Y,N,*pers-,
वृष्,,Y,N,*wers-,
मृष्,,Y,N,*mer-,N
घृष्,,Y,N,*ghers-,
हृष्,,Y,N,*ǵʰers-,
तुस्,,Y,Y,*tewh₂-,Y
ह्रस्,,Y,N,*ḱers-,N
ह्लस्,,Y,N,*h₂lēys-,N
रस्,rā̆s-,Y,N,*res-,N
लस्,las-,Y,N,*las-,N
घस्,,N,N,*gʷʰes-,
जर्ज्,,Y,Y,*ǵʰerh₂-,Y
चर्च्,,Y,-,,Y
झर्झ्,,Y,N,*ǵʰers-,Y
पिस्,,Y,N,*peḱ-,
पेस्,,Y,N,*pekʷ-,N
विस्,,Y,N,*weid-,
वेस्,,Y,N,*wes-,N
पिश्,,Y,N,*peik-,Y
पेश्,,Y,N,*peḱ-,
हस्,,Y,N,*ǵʰ হেসে-,
निश्,,Y,N,*nes-,N
मिश्,,Y,N,*meygʷ-,
मश्,,Y,N,*msekʷ-,Y
शव्,,Y,N,*kʷew-,Y
शश्,,Y,N,*ses-,Y
शस्,,Y,N,*kʷes-,Y
शंस्,,Y,N,*ḱens-,
चह्,,Y,Y,*kʷeh₂-,N
मह्,,Y,N,*meǵʰ-,
रह्,,Y,N,*regʷh-,N
रंह्,,Y,N,*renǵʰ-,Y
दृह्,,Y,N,*dʰreǵʰ-,
दृंह्,,Y,N,*dʰrenǵʰ-,
बृह्,,N,N,*bʰerǵʰ-,
बृंह्,,Y,N,*bʰerǵʰ-,
तुह्,,Y,Y,*tewh₂-,Y
दुह्,,N,N,*dʰewǵʰ-,
उह्,,Y,N,*h₂weǵʰ-,Y
अर्ह्,,Y,N,*h₂leǵʰ-,
द्युत्,,Y,N,*dyew-,
श्वित्,,Y,N,*ḱweyt-,
मिद्,,Y,N,*meyd-,N
स्विद्,,N,N,*sweid-,
क्ष्विद्,,Y,N,*skheid-,Y
रुच्,,Y,N,*lewk-,
घुट्,,Y,N,*gʰewdʰ-,Y
रुट्,,Y,N,*reud-,Y
लुट्,,Y,Y,*lewH-,Y
लुठ्,,Y,N,*lewdʰ-,Y
वृह्,,N,Y,*welH-,
शुभ्,,Y,N,*ḱewbʰ-,
क्षुभ्,,Y,N,*kʷʰewbʰ-,
नभ्,,Y,N,*nebʰ-,
तुभ्,,Y,N,*teu-,Y
स्रंस्,,Y,N,*srens-,
ध्वंस्,,Y,N,*dheu-,Y
भ्रंस्,,Y,N,*bhrens-,
भ्रंश्,,Y,N,*bhrens-,
स्रम्भ्,,Y,N,*sremb-,Y
वृत्,,Y,N,*wert-,
वृध्,,Y,N,*wreǵ- (grow),
शृध्,,Y,N,*ser-,Y
स्यन्द्,,N,N,*syeu-,
कृप्,,Y,N,*kʷrep-,
घट्,,Y,N,*gʷʰedʰ-,N
व्यथ्,,Y,Y,*gʷyeh₁-,
प्रथ्,,Y,N,*pert-,
प्रस्,,Y,N,*pers-,
म्रद्,,Y,N,*meldʰ-,
स्खद्,,Y,N,*skheid-,
क्षञ्ज्,,Y,N,*ǵens-,Y
दक्ष्,,Y,N,*deḱ-,N
कृप्,,Y,N,*kʷrep-,
क्रप्,,Y,N,*kerp-,Y
वृंह्,,Y,N,*wreǵʰ-,
कन्द्,"kand-, skand-, and Indo-Iranian (s)kend-",Y,N,*kʷend-,Y
क्रन्द्,,Y,N,*krend-,
क्लन्द्,,Y,N,*kʷlend-,Y
कद्,kā̆d-,Y,N,*kwet-,Y
क्रद्,,Y,N,*kred-,Y
क्लद्,,Y,N,*kleudh-,Y
त्वर्,,Y,N,*twer-,
ज्वर्,,Y,N,*gʷʰer-,N
गड्,,Y,N,*ghedh-,Y
हेड्,,Y,N,*gʷʰedʰ-,N
वट्,,Y,N,*wāt-,Y
भट्,bhāt- : bhət-,Y,N,*bheidh-,Y
नट्,,Y,N,*(s)ned-,Y
स्तक्,"stāk-, stek-",Y,N,*steg-,Y
चक्,,Y,N,*kʷekʷ-,N
कख्,,Y,N,*kʷekʷ-,Y
रग्,,Y,N,*reǵ-,N
लग्,,Y,N,*leg-,N
ह्रग्,,Y,N,*sreg-,Y
ह्लग्,,Y,N,*sleh₂g-,Y
सग्,sāg-,Y,N,*sekʷ-,Y
स्तग्,stag-,Y,N,*steg-,Y
कग्,,Y,N,*kak-,Y
अक्,,Y,N,*h₂eǵ-,Y
अग्,ag̑-,Y,N,*h₂egʷʰ-,
कण्,kan-,Y,N,*kan-,Y
रण्,,Y,N,*Hren-,Y
चण्,,Y,N,*skend-,Y
शण्,,Y,N,*ken-,Y
श्रण्,,Y,N,*ḱlew-,
श्रथ्,,Y,N,*ser- (to bind,
स्थग्,,Y,N,*stag-,Y
श्लथ्,,Y,Y,*sleh₁-,N
क्नथ्,,Y,N,*genu-,Y
क्रथ्,,Y,N,*kert-,Y
क्लथ्,,Y,Y,*kleth₂-,Y
चन्,,Y,N,*kʷen-,Y
वन्,,Y,Y,*wenh₁-,
ज्वल्,,Y,N,*gʷʰel-,
ह्वल्,,Y,Y,*welh₁-,N
ह्मल्,,Y,-,,Y
स्मृ,,N,N,*smer-,
दॄ,,Y,N,*der-,
नॄ,,Y,N,*h₂ner-,N
श्रा,,N,N,*kʷley-,
ज्ञा,,Y,Y,*ǵneh₃-,
चल्,,Y,N,*kʷel-,N
छद्,,Y,N,*sked-,
लड्,,Y,-,,Y
मद्,mad-,Y,N,*med-,
ध्वन्,,Y,N,dʰwen-,N
शम्,,Y,N,*ḱem-,
यम्,,Y,N,*yem-,
स्खद्,,Y,N,*skheid-,
स्वन्,,Y,N,*swen-,
तृह्,,Y,Y,*terh₂-,
तृंह्,,N,N,*teren-,Y
रुङ्ग्,,Y,N,*lūg-,Y
खुण्ड्,,Y,N,*skend-,Y
म्लेड्,,Y,N,*meldʰ-,Y
मेट्,,Y,N,*med-,N
बिड्,,Y,N,*bheid-,N
मक्ष्,,Y,N,*mag-,Y
वन्,,Y,Y,*wenh₁-,
वाह्,,Y,N,*weǵʰ-,
रम्,,N,N,*rem-,
याच्,,Y,Y,*yeh₁-,
फण्,,Y,N,*bʰan-,Y
राज्,,Y,N,*h₃reǵ-,
भ्राज्,,Y,N,*bʰl̥ǵ-,
भ्राश्,,Y,N,*bʰres-,
भ्लाश्,,Y,Y,*bhleh₁-,Y
स्यम्,,Y,N,*sē(i)-,N
स्वन्,,Y,N,*swen-,
ध्वन्,,Y,N,dʰwen-,N
सम्,,Y,N,*sem-,
स्तम्,,Y,N,*stembh-,
ज्वल्,,Y,N,*gʷʰel-,
चल्,,Y,N,*kʷel-,N
जल्,,Y,-,,Y
टल्,tāl-,Y,-,,Y
ट्वल्,,Y,Y,*telh₂-,Y
स्थल्,,Y,N,*stel-,Y
हल्,,Y,Y,*kelh₂-,Y
नल्,,Y,Y,*nelH-,Y
पल्,,Y,N,*pel-,Y
बल्,"bal-, balbal-",Y,N,*bel-,N
पुल्,,Y,Y,*pelh₂-,N
कुल्,,Y,N,*kʷel-,Y
शल्,,Y,N,*skel-,Y
हुल्,,Y,N,*h₂wel-,Y
पत्,,Y,Y,*peth₂-,
क्षल्,,Y,N,*skʷel-,N
क्वथ्,,Y,N,*kʷetʰ-,
पथ्,,Y,N,*pent-,
मथ्,,Y,N,*math-,
वम्,,Y,Y,*wemh₁-,
भ्रम्,,Y,N,*bhrem-,
क्षर्,,Y,N,*kʷser-,
द्वृ,,N,N,*dʰwer-,
सह्,,Y,N,*seǵʰ-,
रम्,,N,N,*rem-,
सद्,,Y,N,*sed-,
शद्,,N,N,*sed-,N
क्रुश्,k̑rūs-,N,N,*krew-,
कुच्,,Y,N,*kʷekʷ-,Y
बुध्,,N,N,*bʰeudʰ-,
रुह्,,N,N,*h₁reǵʰ-,
कस्,"k̑as-, k̑as-no-",Y,N,*kʷes-,N
हिक्क्,,Y,N,*hikkʷ-,Y
अञ्च्,,Y,N,*h₂enk'-,
अच्,,Y,N,*h₂eḱ-,N
अञ्च्,,Y,N,*h₂enk'-,
याच्,,Y,Y,*yeh₁-,
रेट्,"rēt-, rōt-, rət-",Y,N,*ret-,N
चत्,,Y,N,*kʷet-,Y
चद्,,Y,N,*sked-,Y
प्रोथ्,,Y,N,*prew-,Y
मिद्,,Y,N,*meyd-,N
मेद्,,Y,N,*mēd-,N
मिथ्,,Y,Y,*mith₂-,N
मेथ्,,Y,Y,*meth₂-,Y
मिध्,,Y,N,*midʰ-,Y
मेध्,,Y,N,*med-,
निद्,,Y,N,*sed-,
नेद्,,Y,N,*ned-,N
शृध्,,Y,N,*ser-,Y
मृध्,,Y,N,*merdh-,N
बुध्,,N,N,*bʰeudʰ-,
बुन्द्,,Y,N,*bhendh-,Y
वेण्,,Y,Y,*wenh₁-,N
वेन्,,Y,N,*gʷʰen-,N
खन्,,Y,N,*gʷʰen-,
चीव्,,Y,N,*ǵʷih₃w-,
चीप्,,Y,N,*kʷeyp-,Y
चाय्,,Y,Y,*kʷyeh₂-,Y
व्यय्,,Y,N,*h₁ey-,
दाश्,,Y,Y,*deh₃-,
भेष्,,Y,N,*bhes-,N
भ्रेष्,bhres-,Y,N,*bhres-,Y
भ्लेष्,bhles-,Y,N,*bʰleyǵʰ-,Y
अस्,"ā̆s-, based on it azd-, azg(h)-",Y,N,*h₁es-,
अष्,"ā̆s-, based on it azd-, azg(h)-",Y,N,*h₁ed-,N
यम्,,Y,N,*yem-,
स्पश्,,Y,N,*speḱ-,
लष्,las-,Y,N,*lep-,Y
चष्,,Y,N,*kʷes-,Y
छष्,,Y,N,*skʷes-,Y
झष्,,Y,N,*gʷʰes-,Y
भ्रक्ष्,,Y,N,*bhreg-,Y
भ्लक्ष्,,Y,-,,Y
भक्ष्,,Y,N,*bʰegʷ-,
प्लक्ष्,,Y,-,,Y
दास्,,Y,Y,*deh₃-,
माह्,,Y,Y,*meh₂-,
गुह्,,N,Y,*gʷʰeh₂-,
श्रि,,Y,N,*ḱley-,
भृ,,N,N,*bʰer-,
हृ,,N,N,*ǵʰer-,
धृ,,N,N,*dʰer-,
सूर्क्ष्य्,,Y,-,,Y
नी,"ni-, nei-",N,N,*h₂ney-,
धे,,N,Y,*dʰeh₁-,
ग्लै,,N,Y,*gleh₂-,N
म्लै,,N,Y,*melh₁-,Y
द्यै,,N,N,*dyew-,
द्रै,,N,N,*der-,Y
ध्रै,,N,N,*dʰer-,Y
ध्यै,,N,N,*dʰǵʰey-,
रै,,N,Y,*reh₁-,
स्त्यै,,N,N,*steygʰ-,
स्त्यै,,N,N,*steygʰ-,
खै,,N,Y,*ǵʰeh₂-,Y
क्षै,,N,N,*ǵʰei-,N
जै,,N,Y,*ǵenh₁-,
सै,sāi-,N,Y,*seh₁-,
कै,,N,N,*kʷei-,N
गै,,N,Y,*gʷeiH-,Y
शै,sāi-,N,N,*ḱei-,Y
श्रै,,N,N,*ḱlei-,Y
स्रै,,N,N,*srey-,N
पै,,N,Y,*peh₂-,
वै,,N,Y,*weyh₁-,
स्तै,(s)tāi-,N,N,*steygʰ-,
स्नै,,N,Y,*sneh₁-,N
दै,,N,Y,*deh₃-,
पा,"pā- : pə-, and pā-t- : pə-t-",N,Y,*peh₃-,
घ्रा,,N,Y,*gʰreh₂-,
ध्मा,,N,Y,*dʰeh₂-,
स्था,,N,Y,*steh₂-,
म्ना,,N,N,*men-,N
दा,dā-,N,Y,*deh₃-,
ह्वृ,,N,N,*gʷʰer-,N
स्वृ,,N,N,*swer-,
स्मृ,,N,N,*smer-,
वृ,,Y,N,*wer-,
ह्वृ,,N,N,*gʷʰer-,N
सृ,,N,N,*ser-,
ऋ,,N,N,*h₁er-,
गृ,,Y,N,*ǵʰer-,
घृ,,Y,N,*ǵʰer-,
ध्वृ,,N,N,*dʰwer-,N
स्रु,,N,N,*srew-,
सु,"su-, sū-",N,N,*h₁sū-,
श्रु,,N,N,*ḱlew-,
ध्रु,,N,N,*dʰreu-,
दु,,N,N,*du-,
द्रु,,N,N,*drew-,
जि,,Y,Y,*ǵʰiH-,
ज्रि,,Y,Y,*gʷreh₁-,Y
जृ,,N,Y,*ǵerh₂-,
स्मि,,Y,N,*smei-,
गु,,N,N,*gʷṓws,
गा,,N,Y,*gʷeh₂-,
उ,,N,N,*h₂ew-,N
कु,"ku-, kus-",N,N,*kʷew-,Y
खु,,N,N,*ǵʰew-,Y
गु,,N,N,*gʷṓws,
घु,"g̑hðū-, or g̑hi̯ū-?",N,N,*ǵʰew-,N
ङु,,N,-,,Y
च्यु,,Y,N,*kʷey-,N
ज्यु,,N,-,,Y
छ्यु,,N,-,,Y
प्रु,,N,N,*plew-,N
प्लु,,N,N,*plew-,
क्लु,,N,N,*klew-,Y
रु,,Y,Y,*rewH-,
धृ,,N,N,*dʰer-,
मे,,N,Y,*meh₁-,
दे,"de-, do-",N,Y,*deh₃-,
श्यै,,N,N,*ḱyē-,N
प्यै,,N,N,*pī-,Y
त्रै,,N,Y,*terh₂-,N
पू,,Y,Y,*pewH-,
मू,,Y,Y,*meh₂-,
डी,,Y,Y,*deh₂-,Y
तॄ,,Y,Y,*terh₁-,
गुप्,,Y,N,*gʷʰobʰ-,
तिज्,,Y,N,*stiǵʰ-,
मान्,,Y,N,*men-,
बध्,,Y,N,*gʷedʰ-,
रभ्,"rabh-, or rebh- : rebh-",N,N,*h₁rebʰ-,
लभ्,labh-,N,N,*h₂legʷʰ-,
स्वञ्ज्,,N,N,*swengʷʰ-,
हद्,,N,N,*sed-,Y
स्विद्,,N,N,*sweid-,
स्कन्द्,"(s)kand-, (s)kend-",N,N,*skend-,
यभ्,,N,N,*h₁yebʰ-,N
नम्,,N,N,*nem-,
गम्,,N,N,*gʷem-,
सृप्,,N,N,*srep-,
यम्,,Y,N,*yem-,
तप्,,Y,N,*tep-,
त्यज्,,N,N,*teh₂gʷ-,
सञ्ज्,,N,N,*sekʷ-,Y
दृश्,,N,N,*derḱ-,
दंश्,,Y,N,*dḱm̥t-,
कृष्,,N,N,*kʷers-,
दह्,,N,N,*dʰegʷʰ-,
मिह्,,N,N,*meiǵʰ-,
कित्,,N,N,*ǵʰeydʰ-,Y
दान्,,Y,Y,*deh₂-,
शान्,,Y,Y,*kʷyeh₁-,
पच्,,N,N,*pekʷ-,
सच्,,Y,N,*sekʷ-,
भज्,,Y,N,*bʰʰeǵ-,
रञ्ज्,,N,N,*reǵ-,
शप्,"sap-, sab-",N,N,*sep-,N
त्विष्,,N,N,*tḱēs-,
यज्,,N,N,*yegʷ-,
वप्,,N,N,*wep-,
वह्,,N,N,*weǵʰ-,
वस्,,Y,N,*wes-,
वे,,N,N,*weid-,
व्ये,,N,Y,*h₂weh₁-,N
ह्वे,,N,Y,*gʷʰeh₂-,
वद्,,Y,N,*wedʰ-,
श्वि,,Y,N,*ḱwey-,N
ऋत्,,Y,N,*h₂ŕ̥t-,
अद्,,N,N,*h₁ed-,
हन्,,N,N,*gʷʰen-,
द्विष्,,N,N,*dwis-,
दुह्,,N,N,*dʰewǵʰ-,
दिह्,,N,N,*dʰeiǵʰ-,
लिह्,,N,N,*leiǵʰ-,
चक्ष्,,Y,N,*kʷekʷ-,
ईर्,,Y,N,*h₁er-,
ईड्,,Y,N,*h₁eidʰ-,
ईश्,,Y,N,*h₂éǵʰs,
आस्,"ā̆s-, based on it azd-, azg(h)-",Y,N,*h₁es-,
शास्,,Y,Y,*ḱeh₂-,
वस्,,Y,N,*wes-,
कंस्,,Y,N,*ḱens-,Y
कस्,"k̑as-, k̑as-no-",Y,N,*kʷes-,N
कश्,"k̑as-, k̑as-no-",Y,N,*kes-,N
निंस्,,Y,N,*snē-,Y
निञ्ज्,,Y,N,*neiǵʷ-,Y
शिञ्ज्,,Y,N,*skend-,Y
पिञ्ज्,,Y,N,*peyǵ-,Y
पृञ्ज्,,Y,N,*preḱ-/*plēḱ-,
वृज्,,Y,N,*wreǵ-,
वृञ्ज्,,Y,N,*wreǵ-,
पृच्,,Y,N,*perḱ-,
सू,"su-, sū-",Y,N,*sū-,
शी,,Y,N,*ḱey-,
यु,,Y,N,*yewes-,
रु,,Y,Y,*rewH-,
तु,"tu, tutu",N,Y,*tewh₂-,
नु,nū̆-,Y,N,*h₂new-,
क्षु,,Y,Y,*kseh₁-,
क्ष्णु,,Y,N,*ksnu-,N
स्नु,,Y,N,*snā-,
ऊर्णु,,Y,N,*wer-,N
द्यु,,N,N,*dyew-,
सु,"su-, sū-",N,N,*h₁sū-,
कु,"ku-, kus-",N,N,*kʷew-,Y
स्तु,,N,N,*stew-,
ब्रू,,Y,Y,*gʷréh₂-,
इ,,N,N,*sey-,
इ,,N,N,*sey-,
इ,,N,N,*sey-,
वी,,N,Y,*weyh₁-,
या,,N,Y,*h₁yeh₁-,
वा,,N,Y,*weh₂-,
भा,,N,Y,*bʰeh₂-,
स्ना,"snā-, snə-(t-), snāu-, sn-eu-, sn-et-",N,Y,*sneh₁-,
श्रा,,N,N,*kʷley-,
द्रा,,N,N,*drā-,
प्सा,,N,Y,*bʰeh₂-,Y
पा,"pā- : pə-, and pā-t- : pə-t-",N,Y,*peh₃-,
रा,,N,Y,*reh₁-,
ला,,N,Y,*leh₁-,N
दा,dā-,N,Y,*deh₃-,
ख्या,,N,Y,*ǵneh₃-,
प्रा,prā-,N,N,*per-,
मा,,N,Y,*meh₂-,
वच्,,Y,N,*wekʷ-,
विद्,,Y,N,*weid-,
अस्,"ā̆s-, based on it azd-, azg(h)-",Y,N,*h₁es-,
मृज्,,Y,N,*melǵ-,
रुद्,,Y,N,*rewdʰ-,
स्वप्,,N,N,*swep-,
श्वस्,,Y,N,*kʷʰes-,
अन्,,Y,Y,*h₁enh₂-,
जक्ष्,,Y,N,*ǵʰés-,
जागृ,,Y,N,*ǵer-,
दरिद्रा,,Y,N,*dʰer-,
चकास्,,Y,Y,*ḱeh₂-,
शास्,,Y,Y,*ḱeh₂-,
दीधी,,Y,Y,*dʰeh₁-,
वेवी,,Y,Y,*weyh₁-,N
सस्,,Y,Y,*seh₁-,
संस्त्,,Y,Y,*steh₂-,N
वश्,,Y,N,*h₁weǵʰ-,
चर्करीतं,,N,-,,Y
ह्नु,,N,N,*h₂negʷʰ-,
हु,,N,N,*ǵʰew-,
भी,,N,Y,*bʰeyh₂-,
ह्री,,N,N,*(s)h₂reḯ-,
पॄ,,Y,Y,*pelh₂-,
पृ,,N,Y,*pelh₂-,
भृ,,N,N,*bʰer-,
मा,,N,Y,*meh₂-,
हा,hā̆,N,Y,*seh₂-,
हा,hā̆,N,Y,*seh₂-,
दा,dā-,N,Y,*deh₃-,
धा,,N,Y,*dʰeh₁-,
निज्,,N,N,*neygʷ-,
विज्,,Y,N,*weid-,
विष्,,N,N,*weis-,Y
घृ,,Y,N,*ǵʰer-,
हृ,,N,N,*ǵʰer-,
ऋ,,N,N,*h₁er-,
सृ,,N,N,*ser-,
भस्,,Y,N,*bhes-,
कि,,N,N,*kʷey-,Y
कित्,,N,N,*ǵʰeydʰ-,Y
तुर्,,Y,N,*twer-,
धिष्,,Y,N,*dʰeigʷʰ-,N
धन्,,Y,N,*dʰen-,
जन्,,Y,Y,*ǵenh₁-,
गा,,N,Y,*gʷeh₂-,
दिव्,,Y,N,*deyw-,
सिव्,,Y,N,*sē(i)-,
स्रिव्,,Y,N,*srewbʰ-,Y
ष्ठिव्,,Y,N,*ptu-,
स्नुस्,,Y,N,*snā-,
स्नस्,,Y,Y,*sneH-,Y
क्नस्,,Y,N,*genes-,Y
व्युष्,,Y,N,*h₁weys-,
प्लुष्,,Y,N,*plew-,
नृत्,,Y,N,*ner-,N
त्रस्,,Y,N,*tres-,
कुथ्,,Y,N,*keu-,Y
पुथ्,,Y,N,*bʰewdʰ-,Y
गुध्,,Y,-,,Y
क्षिप्,,N,N,*kʷeyb-,
पुष्प्,,Y,N,*pus-,
तिम्,,Y,N,*tem-,N
तीम्,,Y,N,*stem-,N
स्तिम्,,Y,N,*(s)teyg-,
स्तीम्,,Y,N,*stei̯gʰ-,Y
व्रीड्,,Y,N,*wreǵ-,Y
इष्,,Y,N,*h₁eys-,
सह्,,Y,N,*seǵʰ-,
सुह्,,Y,N,*sweḱ-,Y
जॄ,,Y,Y,*ǵerh₂-,
झॄ,,Y,N,*ǵʰer-,Y
सू,"su-, sū-",Y,N,*sū-,
दू,,Y,N,*dʰū-,
दी,,N,N,*dey-,
डी,,Y,Y,*deh₂-,Y
धी,,N,N,*dʰē-,
मी,,Y,N,*meh₁- (to measure),
री,,N,N,*h₁rei-,
ली,,Y,N,*sleiǵʰ-,
व्री,,N,Y,*gʷréh₂-,N
पी,,N,Y,*peh₃-,
मा,,N,Y,*meh₂-,
ई,,N,N,*h₁ey-,
प्री,,Y,Y,*priH-,
शो,,N,N,*ḱʷey-,
छो,,N,Y,*skeyH-,Y
सो,,N,Y,*seh₁-,
दो,,N,Y,*deh₃-,
जन्,,Y,Y,*ǵenh₁-,
दीप्,,Y,N,*dyeu-,Y
पूर्,,Y,Y,*pleh₁-,
तूर्,,Y,N,*twer-,
धूर्,,Y,N,*dʰwer-,Y
गूर्,,Y,Y,*gʷerH-,N
घूर्,,Y,N,*gʰwer-,N
जूर्,,Y,Y,*ǵʰewH-,N
शूर्,,Y,N,*swer-,
चूर्,,Y,N,*kʷser-,N
तप्,,Y,N,*tep-,
वृत्,,Y,N,*wert-,
वावृत्,,Y,N,*wert-,N
क्लिश्,,N,N,*glei-,Y
काश्,"k̑as-, k̑as-no-",Y,N,*kʷeḱ-,N
वाश्,,Y,N,*wekʷ-,N
मृष्,,Y,N,*mer-,N
शुच्,,Y,N,*ḱewḱ-,Y
नह्,,N,Y,*h₂neh₁-,
रञ्ज्,,N,N,*reǵ-,
शप्,"sap-, sab-",N,N,*sep-,N
पद्,,N,N,*ped-,
खिद्,,N,N,*skheid-,N
विद्,,Y,N,*weid-,
बुध्,,N,N,*bʰeudʰ-,
युध्,,N,N,*yewdʰ-,
रुध्,,N,N,*h₁reudʰ-,
अण्,,Y,Y,*h₁enh₂-,N
अन्,,Y,Y,*h₁enh₂-,
मन्,,Y,N,*men-,
युज्,,Y,N,*yewg-,
सृज्,,N,N,*serǵʰ-,
लिश्,,N,N,*sleikʷ-,Y
राध्,,N,N,*wréh₂dʰ-,
व्यध्,,N,N,*weǵʰ-,
पुष्,,Y,N,*pus-,
शुष्,"sū̆-s, suu̯-ós",N,N,*h₂sews-,
तुष्,,N,N,*tews-,
दुष्,dus-,N,N,*dus-,
श्लिष्,,Y,N,*sleikʷ-,
शक्,sak-,N,N,*seǵʰ-,N
स्विद्,,N,N,*sweid-,
क्रुध्,,N,N,*krewdʰ-,
क्षुध्,,N,N,*ǵʰédʰ-,
शुध्,,N,N,*(s)kʷey-,
सिध्,,N,Y,*seh₂-,
रध्,,N,N,*wréh₂d-,
नश्,nas-,N,N,*neḱ-,
तृप्,,Y,N,*terp-,
दृप्,,Y,N,*dʰrebʰ-,Y
द्रुह्,,N,N,*dʰreǵʰ-,
मुह्,,N,N,*mūs-,N
स्नुह्,,N,N,*snus-,N
स्निह्,,Y,N,*sneygʷʰ-,
शम्,,Y,N,*ḱem-,
तम्,,Y,N,*tem-,
दम्,,Y,N,*dem-,
श्रम्,,Y,N,*ḱrem-,
भ्रम्,,Y,N,*bhrem-,
क्षम्,,N,N,*kem-,N
क्लम्,,Y,N,*klem-,N
मद्,mad-,Y,N,*med-,
अस्,"ā̆s-, based on it azd-, azg(h)-",Y,N,*h₁es-,
यस्,,Y,N,*yes-,
जस्,,Y,N,*ǵes-,Y
तस्,,Y,Y,*teh₂-,N
दस्,,Y,Y,*deh₃-,
वस्,,Y,N,*wes-,
बस्,,Y,N,*gʷʰesu-,Y
युस्,,Y,N,*yewes-,Y
व्युष्,,Y,N,*h₁weys-,
व्युस्,,Y,N,*h₂wes-,Y
ब्युस्,,Y,Y,*bʰeuH-,N
बुस्,,Y,N,*bʰewdʰ-,Y
वुस्,,Y,Y,*bʰeuH-,N
प्युष्,,Y,Y,*puH-,Y
प्युस्,,Y,Y,*puH-,Y
पुष्,,Y,N,*pus-,
प्लुष्,,Y,N,*plew-,
विस्,,Y,N,*weid-,
बिस्,,Y,Y,*gʷih₃-,Y
कुस्,,Y,N,*kews-,Y
कुश्,,Y,N,*kʷekʷ-,Y
स्विद्,,N,N,*sweid-,
क्षम्,,N,N,*kem-,N
बुस्,,Y,N,*bʰewdʰ-,Y
मुस्,,Y,N,*mūs-,N
मस्,,Y,N,*mas-,N
सम्,,Y,N,*sem-,
लुट्,,Y,Y,*lewH-,Y
लुठ्,,Y,N,*lewdʰ-,Y
उच्,,Y,N,*wekʷ-,
भृश्,,Y,N,*bʰer-,
स्तिम्,,Y,N,*(s)teyg-,
भ्रंश्,,Y,N,*bhrens-,
वृश्,,Y,N,*(s)wer-,
कृश्,,Y,N,*kʷers-,
तृष्,,Y,N,*ters-,
हृष्,,Y,N,*ǵʰers-,
रुष्,,Y,N,*reus-,Y
रिष्,,Y,N,*h₁rei-,
डिप्,,Y,N,*dʰeyb-,Y
कुप्,k̑up-,Y,N,*kʷep-,N
गुप्,,Y,N,*gʷʰobʰ-,
युप्,,Y,N,*yewp-,Y
रुप्,,Y,N,*rewp-,Y
लुप्,,N,N,*lup-,
स्तुप्,,Y,N,*stewp-,N
स्तूप्,,Y,N,*stewp-,
लुभ्,,Y,N,*lewbʰ-,
क्षुभ्,,Y,N,*kʷʰewbʰ-,
नभ्,,Y,N,*nebʰ-,
तुभ्,,Y,N,*teu-,Y
क्लिद्,,N,N,*glei-,Y
मिद्,,Y,N,*meyd-,N
क्ष्विद्,,Y,N,*skheid-,Y
ऋध्,,Y,N,*h₁redʰ-,
गृध्,,Y,N,*gredh-,N
सु,"su-, sū-",N,N,*h₁sū-,
सि,,N,N,*h₁sē-,
शि,,N,N,*ḱey-,
मि,,N,N,*mey-,
चि,,Y,N,*kʷei-,
स्तृ,,N,Y,*sterh₃-,
कृ,,N,N,*kʷer-,
वृ,,Y,N,*wer-,
धु,,N,N,*dʰū-,
धू,,Y,Y,*dʰewh₂-,
दु,,N,N,*du-,
हि,,N,N,*dʰǵʰē-,
पृ,,N,Y,*pelh₂-,
स्पृ,,N,N,*sper-,
स्मृ,,N,N,*smer-,
आप्,,Y,N,*h₂ep-,
शक्,sak-,N,N,*seǵʰ-,N
राध्,,N,N,*wréh₂dʰ-,
साध्,,N,N,*seh₂dʰ-,N
अश्,"ā̆s-, based on it azd-, azg(h)-",Y,N,*h₁ed-,
स्तिघ्,,Y,N,*steigʰ-,
तिक्,,Y,N,*teiǵ-,Y
तिग्,,Y,N,*steigʰ-,Y
सघ्,,Y,N,*sekʷ-,Y
धृष्,,Y,N,*dʰers-,
दम्भ्,,Y,N,*dʰgʷʰem-,
ऋध्,,Y,N,*h₁redʰ-,
तृप्,,Y,N,*terp-,
अह्,,Y,N,*h₂eǵʰ-,
दघ्,,Y,N,*dʰegʷʰ-,N
चम्,,Y,N,*(s)kem-,Y
रि,,N,N,*h₁rei-,
क्षि,,N,N,*tḱey-,
चिरि,,Y,N,*kʷer-,Y
जिरि,,Y,Y,*ǵʰerh₂-,Y
दाश्,,Y,Y,*deh₃-,
दृ,,N,N,*dʰer-,
ऋक्ष्,,N,N,*h₂ŕ̥tḱos,
तुद्,,N,N,*(s)teu-,
नुद्,,N,N,*(s)neud-,
दिश्,,N,N,*deik̂-,
भ्रज्ज्,,N,N,*bʰerǵ́-,
क्षिप्,,N,N,*kʷeyb-,
कृष्,,N,N,*kʷers-,
ऋष्,,Y,N,*h₁reḱ-,
जुष्,,Y,N,*ǵews-,
विज्,,Y,N,*weid-,
लज्,,Y,N,*led-,Y
लज्ज्,,Y,N,*reǵ-,Y
व्रश्च्,,N,N,*wreḱ-,
व्यच्,,Y,N,*wekʷ-,Y
उञ्छ्,,Y,N,*h₂ems-,Y
उच्छ्,,Y,N,*ut-,Y
ऋच्छ्,,Y,N,*h₂reǵʰ-,
मिच्छ्,,Y,N,*meyǵʷ-,Y
जर्ज्,,Y,Y,*ǵʰerh₂-,Y
चर्च्,,Y,-,,Y
झर्झ्,,Y,N,*ǵʰers-,Y
त्वच्,,Y,N,*tewk-,Y
ऋच्,,Y,N,*wrékʷ-,
उब्ज्,,Y,N,*web-,Y
उज्झ्,,Y,N,*h₁weǵʰ-,N
लुभ्,,Y,N,*lewbʰ-,
रिफ्,,Y,N,*Hrep-,Y
रिह्,,Y,N,*l(e)iǵʰ-,
तृप्,,Y,N,*terp-,
ऋह्,,Y,N,*h₁reǵʰ-,
तृफ्,,Y,N,*dʰrebʰ-,Y
तृम्फ्,,Y,N,*tremb-,Y
तुप्,,Y,N,*stewp-,Y
तुम्प्,,Y,N,*tewp-,Y
तुफ्,,Y,N,*tup-,Y
तुम्फ्,,Y,N,*tump-,Y
दृप्,,Y,N,*dʰrebʰ-,Y
स्तृंह्,,N,Y,*sterh₃-,
दृफ्,,Y,N,*drebh-,Y
दृम्फ्,,Y,N,*drembʰ-,N
ऋफ्,,Y,N,*Hrep-,Y
ऋम्फ्,,Y,N,*Hremb-,Y
गुफ्,,Y,N,*gʷebʰ-,Y
गुम्फ्,,Y,N,*gʷembʰ-,Y
उभ्,,Y,N,*h₂ep-,N
उम्भ्,,Y,N,*h₂em-,Y
शुभ्,,Y,N,*ḱewbʰ-,
शुम्भ्,,Y,N,*skubh-,Y
दृभ्,,Y,N,*dʰrebʰ-,N
चृत्,,Y,N,*kʷert-,
विध्,,Y,N,*weydʰ-,
जुड्,,Y,-,,Y
जुन्,,Y,N,*yewdʰ-,Y
मृड्,,Y,N,*merd-,N
पृड्,,Y,N,*per-,Y
पृण्,,Y,Y,*pelh₁-,Y
वृण्,,Y,N,*wer-,N
मृण्,,Y,N,*mer-,N
तुण्,,Y,N,*ten-,Y
पुण्,,Y,Y,*pelh₁-,
मुण्,,Y,N,*meu-,Y
कुण्,,Y,N,*keu-,Y
शुन्,,Y,N,*ḱwon-,N
द्रुण्,,Y,-,,
घुण्,,Y,N,*gʷʰen-,N
घूर्ण्,,Y,N,*gʷʰer-,N
सुर्,,Y,N,*swer-,
कुर्,,Y,N,*kʷer-,
खुर्,,Y,-,,
मुर्,,Y,-,,
क्षुर्,,Y,N,*ksēur-,N
घुर्,,Y,N,*gher-,N
पुर्,,Y,Y,*pleh₁-,
वृह्,,N,Y,*welH-,
बृह्,,N,N,*bʰerǵʰ-,
तृह्,,Y,Y,*terh₂-,
स्तृह्,,N,Y,*sterh₃-,
तृंह्,,N,N,*teren-,Y
इष्,,Y,N,*h₁eys-,
मिष्,,Y,N,*meygʷʰ-,Y
किल्,,Y,N,*kel-,Y
तिल्,,Y,N,*til-,Y
चिल्,,Y,N,*kʷel-,Y
चल्,,Y,N,*kʷel-,N
इल्,"īl-, īlu-",Y,N,*h₁el-,N
विल्,,Y,Y,*welh₁-,Y
बिल्,,Y,N,*bel-,Y
निल्,,Y,-,,Y
हिल्,,Y,-,,Y
शिल्,,Y,N,*skel-,Y
सिल्,,Y,-,,Y
मिल्,,Y,Y,*melh₂-,Y
लिख्,,Y,N,*leǵʰ-,
कुट्,,Y,N,*gʷed-,Y
पुट्,,Y,N,*bʰewdʰ-,Y
कुच्,,Y,N,*kʷekʷ-,Y
गुज्,,Y,N,*gʷewd-,Y
गुड्,,Y,Y,*gʷelH-,Y
डिप्,,Y,N,*dʰeyb-,Y
छुर्,,Y,N,*(s)ker-,Y
स्फुट्,,Y,N,*spleit-,
मुट्,,Y,N,*mewt-,Y
त्रुट्,,Y,N,*treud-,Y
तुट्,,Y,Y,*tewh₂-,Y
चुट्,,Y,N,*kewt-,Y
छुट्,,Y,N,*skut-,Y
जुड्,,Y,-,,Y
जुट्,,Y,-,,Y
कड्,kā̆d-,Y,N,*sked-,N
लुट्,,Y,Y,*lewH-,Y
लुठ्,,Y,N,*lewdʰ-,Y
कड्,kā̆d-,Y,N,*sked-,N
कृड्,,Y,N,*kʷer-,Y
कुड्,,Y,N,*kʷed-,Y
पुड्,,Y,N,*bʰewdʰ-,Y
घुट्,,Y,N,*gʰewdʰ-,Y
तुड्,,Y,N,*(s)tewd-,N
थुड्,,Y,Y,*tewh₂-,Y
स्थुड्,,Y,Y,*steh₂-,
खुड्,,Y,N,*skud-,Y
छुड्,,Y,N,*skud-,Y
स्फुर्,,Y,N,*sper-,
स्फुल्,,Y,N,*sph(e)l-,Y
स्फर्,,Y,N,*sper-,
स्फल्,,Y,N,*sph(e)l-,Y
स्फुड्,,Y,N,*sph(e)wd-,Y
चुड्,,Y,N,*skʷed-,Y
व्रुड्,,Y,N,*wreǵ-,Y
क्रुड्,,Y,N,*kʷer- (to make,
भृड्,,Y,N,*bʰer- (to carry),
हुड्,,Y,N,*ǵʰew-,Y
गुर्,,Y,N,*gʷerH- (to praise),
नू,nū̆-,Y,N,*h₂new- (to nod),
धू,,Y,Y,*dʰewh₂-,
गु,,N,N,*gʷṓws,
ध्रु,,N,N,*dʰreu-,
कु,"ku-, kus-",N,N,*kʷew-,Y
कू,"ku-, kus-",Y,Y,*ǵʷeh₂-,Y
पृ,,N,Y,*pelh₂-,
मृ,"mə-r, genitive mə-n-és, mn̥tós",N,N,*mer-,
रि,,N,N,*h₁rei-,
पि,,N,Y,*pih₃-,
धि,,N,Y,*dʰeh₁-,
क्षि,,N,N,*tḱey-,
सू,"su-, sū-",Y,N,*sū-,
कॄ,,Y,N,*kʷer-,N
गॄ,,Y,Y,*ǵʰreh₂-,N
दृ,,N,N,*dʰer-,
धृ,,N,N,*dʰer-,
प्रच्छ्,,N,N,*preḱ-,
सृज्,,N,N,*serǵʰ-,
मज्ज्,,N,N,*mers-,
रुज्,,Y,N,*wreǵ-,
भुज्,,N,N,*bʰeuǵ-,
छुप्,,N,N,*skup-,Y
रुश्,,N,N,*lewk-,
रिश्,,N,N,*h₁rei-,Y
लिश्,,N,N,*sleikʷ-,Y
स्पृश्,,N,N,*sperǵʰ-,
विच्छ्,,Y,N,*weik-,
विश्,,N,N,*weik-,
मृश्,,N,N,*merǵ-,N
नुद्,,N,N,*(s)neud-,
सद्,,Y,N,*sed-,
शद्,,N,N,*sed-,N
मिल्,,Y,Y,*melh₂-,Y
मुच्,,Y,N,*mewk'-,
लुप्,,N,N,*lup-,
विद्,,Y,N,*weid-,
लिप्,,N,N,*leip-,
सिच्,,N,N,*seikʷ-,
कृत्,,Y,N,*kʷrey-,
खिद्,,N,N,*skheid-,N
पिश्,,Y,N,*peik-,Y
फुल्,,Y,N,*bʰel-,N
रुध्,,N,N,*h₁reudʰ-,
भिद्,,N,N,*bʰeydʰ-,
छिद्,,N,N,*skheid-,
रिच्,,Y,N,*h₁reiǵʰ-,
विच्,,N,N,*weik-,
क्षुद्,,N,N,*kʷsed-,
युज्,,Y,N,*yewg-,
छृद्,,Y,N,*skerd-,
तृद्,,Y,Y,*terh₂-,
कृत्,,Y,N,*kʷrey-,
इन्ध्,,Y,N,*h₂e(n)dʰ-,
खिद्,,N,N,*skheid-,N
विद्,,Y,N,*weid-,
शिष्,,Y,N,*sekʷ-,
पिष्,,N,N,*pis-,
भञ्ज्,,Y,N,*bʰreǵ-,
भुज्,,N,N,*bʰeuǵ-,
तृह्,,Y,Y,*terh₂-,
हिंस्,,Y,N,*ǵʰens-,N
उन्द्,,Y,N,*ned-,Y
अञ्ज्,,Y,N,*h₂negʷ- (to anoint),
तञ्च्,,N,N,*tenk-,Y
विज्,,Y,N,*weid-,
वृज्,,Y,N,*wreǵ-,
पृच्,,Y,N,*perḱ-,
तन्,,Y,N,*ten-,
सन्,,Y,N,*h₁es-,
क्षण्,,Y,N,*kes-,Y
क्षिण्,,Y,N,*kti-,Y
ऋण्,,Y,N,*h₂er-,
तृण्,,Y,Y,*terh₂-,
घृण्,,Y,N,*ǵʰer-,
वन्,,Y,Y,*wenh₁-,
मन्,,Y,N,*men-,
कृ,,N,N,*kʷer-,
क्री,,N,Y,*kʷriH-,
प्री,,Y,Y,*priH-,
श्री,,N,N,*ḱley-,
मी,,Y,N,*meh₁- (to measure),
सि,,N,N,*h₁sē-,
स्कु,,N,N,*skew-,Y
स्तम्भ्,,Y,N,*stembh-,
स्तुम्भ्,,Y,N,*stembh-,N
स्कम्भ्,,Y,N,*(s)tep-,
स्कुम्भ्,,Y,N,*skembh-,N
यु,,Y,N,*yewes-,
क्नू,,Y,Y,*ǵneh₂-,N
द्रू,,Y,N,*drew-,
पू,,Y,Y,*pewH-,
शॄ,,Y,N,*ḱer-,N
लू,,Y,Y,*lewh₂-,
स्तॄ,,Y,Y,*sterh₃-,
कॄ,,Y,N,*kʷer-,N
वॄ,,Y,N,*wer-,
धू,,Y,Y,*dʰewh₂-,
शॄ,,Y,N,*ḱer-,N
पॄ,,Y,Y,*pelh₂-,
वॄ,,Y,N,*wer-,
भॄ,,Y,N,*bʰer-,
मॄ,,Y,N,*mer-,
दॄ,,Y,N,*der-,
जॄ,,Y,Y,*ǵerh₂-,
झॄ,,Y,N,*ǵʰer-,Y
धॄ,,Y,N,*dʰer-,
नॄ,,Y,N,*h₂ner-,N
कॄ,,Y,N,*kʷer-,N
ॠ,,Y,N,*h₁er-,
गॄ,,Y,Y,*ǵʰreh₂-,N
ज्या,,N,Y,*gʷyeh₂-,
री,,N,N,*h₁rei-,
ली,,Y,N,*sleiǵʰ-,
व्ली,,N,N,*wlēi-,Y
ब्ली,,N,N,*blei-,Y
प्ली,"pləi-, pləu-",N,Y,*pleh₂-,
व्री,,N,Y,*gʷréh₂-,N
भ्री,,N,N,*bʰer-,
क्षी,,N,N,*gʷtʰi-,
ज्ञा,,Y,Y,*ǵneh₃-,
बन्ध्,,Y,N,*bʰendʰ-,
वृ,,Y,N,*wer-,
श्रन्थ्,,Y,N,*s(k)rendʰ-,
मन्थ्,,Y,N,*menth-,
श्रन्थ्,,Y,N,*s(k)rendʰ-,
ग्रन्थ्,,Y,N,*gʷrendʰ-,
कुन्थ्,,Y,-,,Y
मृद्,,Y,N,*merd-,
मृड्,,Y,N,*merd-,N
गुध्,,Y,-,,Y
कुष्,,Y,-,,Y
क्षुभ्,,Y,N,*kʷʰewbʰ-,
नभ्,,Y,N,*nebʰ-,
तुभ्,,Y,N,*teu-,Y
क्लिश्,,N,N,*glei-,Y
अश्,"ā̆s-, based on it azd-, azg(h)-",Y,N,*h₁ed-,
ध्रस्,,Y,N,*dʰres-,N
इष्,,Y,N,*h₁eys-,
विष्,,N,N,*weis-,Y
प्रुष्,,Y,N,*spre(u)ǵʰ-,Y
प्लुष्,,Y,N,*plew-,
पुष्,,Y,N,*pus-,
मुष्,mūs,Y,N,*mus-,
खच्,,Y,-,,Y
खव्,,Y,-,,Y
हेठ्,,Y,-,,Y
स्वॄ,,Y,N,*swer-,
ग्रह्,,Y,Y,*ǵʰreh₂-,
चुर्,,Y,-,,Y
चिन्त्,,Y,N,*ment-,Y
यन्त्र्,,Y,N,*h₁éd-,N
स्फुण्ड्,,Y,N,*spond-,Y
स्फुण्ट्,,Y,N,*spond-,Y
लक्ष्,,Y,N,*sleg-,Y
कुन्द्र्,,Y,-,,Y
कुद्,,Y,N,*kwed-,N
स्पुण्ड्,,Y,-,,Y
लड्,,Y,-,,Y
मिन्द्,,Y,N,*men-,Y
मिद्,,Y,N,*meyd-,N
लण्ड्,,Y,N,*lendʰ-,Y
ओलण्ड्,,Y,-,,Y
जल्,,Y,-,,Y
लज्,,Y,N,*led-,Y
पीड्,pid-,Y,Y,*peiH-/*piH-,
नट्,,Y,N,*(s)ned-,Y
श्रथ्,,Y,N,*ser- (to bind,
बध्,,Y,N,*gʷedʰ-,
बन्ध्,,Y,N,*bʰendʰ-,
पॄ,,Y,Y,*pelh₂-,
ऊर्ज्,,Y,N,*werǵʰ-,
पक्ष्,,Y,N,*pekʷ-,
वर्ण्,,Y,N,*wer-,
चूर्ण्,,Y,Y,*ǵʰreh₂-,
प्रथ्,,Y,N,*pert-,
पृथ्,,Y,Y,*pʰelH-,
पथ्,,Y,N,*pent-,
सम्ब्,,Y,N,*h₂dʰébʰ-,Y
शम्ब्,,Y,N,*ḱembʰ-,Y
साम्ब्,,Y,Y,*seh₂-,Y
भक्ष्,,Y,N,*bʰegʷ-,
कुट्ट्,,Y,N,*kut-,Y
पुट्ट्,,Y,N,*bʰeu-,Y
चुट्ट्,,Y,-,,Y
अट्ट्,,Y,-,,Y
सुट्ट्,,Y,-,,Y
लुण्ट्,,Y,-,,Y
लुण्ठ्,,Y,-,,Y
शठ्,,Y,-,,Y
श्वठ्,,Y,-,,Y
श्वण्ठ्,,Y,-,,Y
तुज्,,Y,N,*tewk-,Y
तुञ्ज्,,Y,N,*tewk-,Y
पिज्,,Y,N,*peyǵ-,N
पिञ्ज्,,Y,N,*peyǵ-,Y
लञ्ज्,,Y,N,*lenk-,Y
लुञ्ज्,,Y,N,*lūg-,Y
पिस्,,Y,N,*peḱ-,
सान्त्व्,,Y,Y,*seh₂-,N
सान्त्व्,,Y,Y,*seh₂-,N
श्वल्क्,,Y,N,*welk-,Y
वल्क्,,Y,N,*welk-,N
स्निह्,,Y,N,*sneygʷʰ-,
स्फिट्,,Y,N,*s(p)h(e)i-d-,Y
स्मिट्,,Y,N,*smei-,Y
स्मि,,Y,N,*smei-,
श्लिष्,,Y,N,*sleikʷ-,
पन्थ्,,Y,N,*pent-,
पिच्छ्,,Y,N,*peyǵ-,N
छन्द्,,Y,N,*skend-,N
श्रण्,,Y,N,*ḱlew-,
तड्,tād-,Y,N,*stey-,
खड्,,Y,N,*skheid-,Y
खण्ड्,,Y,N,*skend-,Y
कण्ड्,"kand-, skand-, and Indo-Iranian (s)kend-",Y,N,*kʷend-,N
कुण्ड्,,Y,N,*gʷʰen-,Y
गुण्ड्,,Y,N,*gʷʰen-,Y
कुण्ठ्,,Y,N,*kont-,Y
गुण्ठ्,,Y,N,*gʷʰen-,Y
खुण्ड्,,Y,N,*skend-,Y
वण्ट्,,Y,N,*wend-,Y
वण्ड्,,Y,N,*wendʰ-,Y
चण्ड्,,Y,N,*skend-,Y
मण्ड्,mand-,Y,N,*mend-,Y
भण्ड्,,Y,N,*bʰendʰ-,Y
छर्द्,,Y,N,*ǵʰerdʰ-,
पुस्त्,,Y,Y,*pewH-,Y
बुस्त्,,Y,-,,Y
चुद्,,Y,N,*skud-,Y
नक्क्,,Y,N,*nekʷ-,Y
धक्क्,,Y,N,*dheǵh-,Y
चक्क्,,Y,N,*kʷekʷlos,Y
चुक्क्,,Y,N,*kʷekʷ-,Y
क्षल्,,Y,N,*skʷel-,N
तल्,tāl-,Y,Y,*telh₂-,N
तुल्,,Y,Y,*telh₂-,
दुल्,,Y,Y,*dʰwelh₁-,Y
पुल्,,Y,Y,*pelh₂-,N
चुल्,,Y,N,*kʷel-,Y
मूल्,,Y,N,*h₂mel-,
कल्,,Y,N,*kel-,N
विल्,,Y,Y,*welh₁-,Y
बिल्,,Y,N,*bel-,Y
तिल्,,Y,N,*til-,Y
चल्,,Y,N,*kʷel-,N
पाल्,,Y,Y,*pelh₂-,N
पल्,,Y,N,*pel-,Y
लूष्,"lū̆s, genitive luu̯-ós",Y,Y,*lewH-,Y
शुल्ब्,,Y,Y,*welH-,Y
शूर्प्,,Y,N,*swer-,Y
चुट्,,Y,N,*kewt-,Y
मुट्,,Y,N,*mewt-,Y
उलण्ड्,,Y,N,*h₂lendʰ-,Y
पण्ड्,,Y,N,*pend-,N
पंस्,,Y,N,*pens-,N
मार्ग,,Y,N,*merǵ-,N
व्रज्,,Y,N,*wreǵ-,N
शुल्क्,,Y,N,*selkʷ-,Y
चम्प्,,Y,N,*kamp-,N
क्षम्प्,,Y,N,*kem-,N
क्षञ्ज्,,Y,N,*ǵens-,Y
छञ्ज्,,Y,N,*skend-,Y
श्वर्त्,,Y,N,*swer-,N
स्वर्त्,,Y,N,*swer-,
श्वभ्र्,,Y,N,*kʷʰebʰ-,N
ज्ञप्,,Y,Y,*ǵneh₃-,
यम्,,Y,N,*yem-,
चह्,,Y,Y,*kʷeh₂-,N
चप्,,Y,N,*(s)tep-,Y
रह्,,Y,N,*regʷh-,N
बल्,"bal-, balbal-",Y,N,*bel-,N
चि,,Y,N,*kʷei-,
घट्ट्,,Y,N,*ghedh-,Y
मुस्त्,,Y,N,*mūs-,Y
खट्ट्,,Y,N,*kʷat-,Y
सट्ट्,,Y,N,*sed-,Y
स्फिट्ट्,,Y,N,*s(p)h(e)i-,Y
चुम्ब्,,Y,N,*ǵʰembʰ-,
पुल्,,Y,Y,*pelh₂-,N
पूर्ण्,,Y,Y,*pelh₁-,
पुण्,,Y,Y,*pelh₁-,
पुंस्,,Y,N,*péh₂ōs,
टङ्क्,,Y,-,,Y
व्यप्,,Y,-,,Y
व्यय्,,Y,N,*h₁ey-,
पूल्,,Y,Y,*pelh₂-,N
धूस्,,Y,Y,*dʰewh₂-,
धूष्,,Y,Y,*dʰewh₂-,
धूश्,,Y,Y,*dʰewh₂-,
कीट्,,Y,-,,Y
चूर्ण्,,Y,Y,*ǵʰreh₂-,
पूज्,,Y,Y,*pyewH-,N
अर्क्,,Y,N,*h₂erǵ-,N
शुठ्,,Y,-,,Y
शुण्ठ्,,Y,-,,Y
जुड्,,Y,-,,Y
गज्,,Y,Y,*ǵʰeh₂-,N
मार्ज्,,Y,N,*merǵ-,
मर्च्,,Y,N,*merǵ-,N
घृ,,Y,N,*ǵʰer-,
पञ्च्,,Y,N,*pénkʷe,
तिज्,,Y,N,*stiǵʰ-,
कॄत्,,Y,N,*kʷer-,
वर्ध्,,Y,N,*wérdʰ-,
कुम्ब्,,Y,N,*kʷemp-,Y
कुम्भ्,,Y,N,*kʷemp-,Y
लुम्ब्,,Y,N,*lumbʰ-,Y
तुम्ब्,,Y,Y,*tewh₂-,Y
ह्लप्,,Y,N,*klep-,Y
क्लप्,,Y,N,*klep-,
ह्रप्,,Y,N,*srep-,Y
चुण्ट्,,Y,N,*gew-,Y
ब्रीस्,,Y,Y,*gʷréh₂-,Y
दंह्,,Y,N,*dʰǵʰem-,
इल्,"īl-, īlu-",Y,N,*h₁el-,N
म्रक्ष्,,Y,N,*melǵʰ-,Y
अस्त्,,Y,N,*h₁es-,
म्लेच्छ्,,Y,N,*mélǵ-,Y
छम्प्,,Y,N,*skambʰ-,Y
ब्रूस्,,Y,N,*bʰréw-,
बर्ह्,,Y,N,*bʰerǵʰ-,
श्रण्,,Y,N,*ḱlew-,
पिच्च्,,Y,N,*pisk'-,Y
बुल्,,Y,N,*bʰel-,Y
गर्ज्,,Y,Y,*ǵerh₂-,
गर्द्,,Y,N,*gʷʰerdʰ-,Y
गर्ध्,,Y,N,*gʷʰerdʰ-,
गूद्,,Y,N,*gʷeh₂d-,Y
पूर्व्,,Y,N,*pel-,
जंस्,,Y,N,*ǵʰens-,Y
ईड्,,Y,N,*h₁eidʰ-,
जस्,,Y,N,*ǵes-,Y
पिण्ड्,,Y,N,*peyt-,N
पर्थ्,,Y,N,*per-,Y
रुष्,,Y,N,*reus-,Y
रुट्,,Y,N,*reud-,Y
डिप्,,Y,N,*dʰeyb-,Y
स्तुप्,,Y,N,*stewp-,N
स्तूप्,,Y,N,*stewp-,
चित्,,Y,N,*kʷey-,
दंश्,,Y,N,*dḱm̥t-,
दंस्,,Y,N,*dent-,Y
दस्,,Y,Y,*deh₃-,
डप्,,Y,N,*dʰebʰ-,Y
डिप्,,Y,N,*dʰeyb-,Y
तन्त्र्,,Y,N,*ten-,Y
मन्त्र्,,Y,N,*men-,N
स्पश्,,Y,N,*speḱ-,
तर्ज्,,Y,N,*terkʷ-,N
भर्त्स्,,Y,N,*bher-,Y
बस्त्,,Y,N,*gwes-,Y
गन्ध्,,Y,N,*gʷʰen-,N
किल्,,Y,N,*kel-,Y
पिल्,,Y,N,*pel-,Y
विष्क्,,Y,N,*weik-,Y
हिष्क्,,Y,N,*ghweis-,Y
निष्क्,,Y,N,*neik-,Y
लल्,,Y,Y,*lelH-,N
कूण्,,Y,N,*gʷʰen-,Y
तूण्,,Y,-,,Y
भ्रूण्,,Y,N,*bʰrū-,
शठ्,,Y,-,,Y
यक्ष्,,Y,N,*yek-,Y
स्यम्,,Y,N,*sē(i)-,N
गूर्,,Y,Y,*gʷerH-,N
शम्,,Y,N,*ḱem-,
लक्ष्,,Y,N,*sleg-,Y
कुत्स्,,Y,-,,Y
त्रुट्,,Y,N,*treud-,Y
कुट्,,Y,N,*gʷed-,Y
गल्,,Y,Y,*gʷelH-,Y
भल्,,Y,N,*bhel-,Y
कूट्,,Y,N,*keut-,Y
कुट्ट्,,Y,N,*kut-,Y
वञ्च्,,Y,N,*wenkʷ-,N
वृष्,,Y,N,*wers-,
मद्,mad-,Y,N,*med-,
दिव्,,Y,N,*deyw-,
गृ,,Y,N,*ǵʰer-,
विद्,,Y,N,*weid-,
मान्,,Y,N,*men-,
मन्,,Y,N,*men-,
यु,,Y,N,*yewes-,
कुस्म्,,Y,-,,Y
चर्च्,,Y,-,,Y
बुक्क्,,Y,-,,Y
शब्द्,,Y,-,,Y
कण्,kan-,Y,N,*kan-,Y
जम्भ्,,Y,N,*ǵembh-,Y
सूद्,,Y,N,*sewd-,
जस्,,Y,N,*ǵes-,Y
पश्,,Y,N,*speḱ-,
अम्,amə-,Y,N,*h₂em-,
चट्,,Y,-,,Y
स्फुट्,,Y,N,*spleit-,
घट्,,Y,N,*gʷʰedʰ-,N
दिव्,,Y,N,*deyw-,
अर्ज्,,Y,N,*h₂reǵ-,
घुष्,,Y,N,*ǵʰews-,
क्रन्द्,,Y,N,*krend-,
लस्,las-,Y,N,*las-,N
तंस्,,Y,N,*tens-,
भूष्,,Y,Y,*bʰewH-,
मोक्ष्,,Y,N,*mewk'-,Y
अर्ह्,,Y,N,*h₂leǵʰ-,
ज्ञा,,Y,Y,*ǵneh₃-,
भज्,,Y,N,*bʰʰeǵ-,
शृध्,,Y,N,*ser-,Y
यत्,,Y,Y,*yeh₁-,
रक्,,Y,N,*reg-,Y
लग्,,Y,N,*leg-,N
रघ्,,Y,N,*h₁r̥ǵʰ-,N
रग्,,Y,N,*reǵ-,N
अञ्च्,,Y,N,*h₂enk'-,
लिङ्ग्,,Y,N,*leyǵʰ-,Y
मुद्,,Y,N,*mud-,Y
त्रस्,,Y,N,*tres-,
ध्रस्,,Y,N,*dʰres-,N
उध्रस्,,Y,N,*h₁ódr̥,N
मुच्,,Y,N,*mewk'-,
वस्,,Y,N,*wes-,
चर्,,Y,N,*kʷer-,
च्यु,,Y,N,*kʷey-,N
च्युस्,,Y,N,*kʷʰeus-,Y
भू,,Y,Y,*bʰuH-,
कृप्,,Y,N,*kʷrep-,
ग्रस्,gras- : grō̆s-,Y,N,*gʷorh-,
पुष्,,Y,N,*pus-,
दल्,,Y,Y,*dalh₂-,Y
पट्,,Y,N,*pet-,N
पुट्,,Y,N,*bʰewdʰ-,Y
लुट्,,Y,Y,*lewH-,Y
तुञ्ज्,,Y,N,*tewk-,Y
मिञ्ज्,,Y,N,*meyǵ-,Y
पिञ्ज्,,Y,N,*peyǵ-,Y
लक्,,Y,N,*leg-,Y
लुञ्ज्,,Y,N,*lūg-,Y
भञ्ज्,,Y,N,*bʰreǵ-,
लङ्घ्,,Y,N,*sleh₂gʷ-,N
त्रंस्,,Y,N,*ters-,
पिंस्,,Y,N,*peḱ-,
कुंस्,,Y,N,*kʷems-,Y
दंश्,,Y,N,*dḱm̥t-,
कुंश्,,Y,N,*kʷens-,Y
घट्,,Y,N,*gʷʰedʰ-,N
घण्ट्,,Y,N,*gʷʰen-,Y
बृंह्,,Y,N,*bʰerǵʰ-,
बर्ह्,,Y,N,*bʰerǵʰ-,
बल्ह्,,Y,N,*bʰel-,Y
गुप्,,Y,N,*gʷʰobʰ-,
धूप्,,Y,Y,*dʰuh₂-,
विच्छ्,,Y,N,*weik-,
चीव्,,Y,N,*ǵʷih₃w-,
पुथ्,,Y,N,*bʰewdʰ-,Y
लोक्,,Y,N,*lewk-,
लोच्,,Y,N,*lewk-,
नद्,,Y,Y,*(s)neh₁-,Y
कुप्,k̑up-,Y,N,*kʷep-,N
तर्क्,,Y,N,*terkʷ-,Y
वृत्,,Y,N,*wert-,
वृध्,,Y,N,*wreǵ- (grow),
रुट्,,Y,N,*reud-,Y
लञ्ज्,,Y,N,*lenk-,Y
अञ्ज्,,Y,N,*h₂negʷ- (to anoint),
दंस्,,Y,N,*dent-,Y
भृंश्,,Y,N,*bhreg-,
रुंश्,,Y,N,*lewk-,Y
शीक्,,Y,N,*sekʷ-,
रुंस्,,Y,N,*reudh-,Y
नण्ट्,,Y,N,*ned-,Y
पुण्ट्,,Y,N,*peuk-,Y
जि,,Y,Y,*ǵʰiH-,
चि,,Y,N,*kʷei-,
रन्ध्,,Y,N,*wrendh-,N
लङ्घ्,,Y,N,*sleh₂gʷ-,N
अंह्,,Y,N,*h₂eŋʰ-,
रंह्,,Y,N,*renǵʰ-,Y
मंह्,,Y,N,*men-,
लण्ड्,,Y,N,*lendʰ-,Y
तड्,tād-,Y,N,*stey-,
नल्,,Y,Y,*nelH-,Y
पूर्,,Y,Y,*pleh₁-,
रुज्,,Y,N,*wreǵ-,
स्वद्,,Y,N,*sweh₂d-,
स्वाद्,,Y,N,*sweh₂d-,
युज्,,Y,N,*yewg-,
पृच्,,Y,N,*perḱ-,
अर्च्,,Y,N,*h₂elḱ-,
सह्,,Y,N,*seǵʰ-,
ईर्,,Y,N,*h₁er-,
ली,,Y,N,*sleiǵʰ-,
वृज्,,Y,N,*wreǵ-,
वृ,,Y,N,*wer-,
जॄ,,Y,Y,*ǵerh₂-,
ज्रि,,Y,Y,*gʷreh₁-,Y
रिच्,,Y,N,*h₁reiǵʰ-,
शिष्,,Y,N,*sekʷ-,
तप्,,Y,N,*tep-,
तृप्,,Y,N,*terp-,
छृद्,,Y,N,*skerd-,
चृप्,,Y,N,*kʷrep-,Y
छृप्,,Y,N,*skrep-,Y
तृप्,,Y,N,*terp-,
दृप्,,Y,N,*dʰrebʰ-,Y
दृभ्,,Y,N,*dʰrebʰ-,N
दृभ्,,Y,N,*dʰrebʰ-,N
लट्,lat-,Y,Y,*leh₁-,Y
श्रथ्,,Y,N,*ser- (to bind,
मी,,Y,N,*meh₁- (to measure),
ग्रन्थ्,,Y,N,*gʷrendʰ-,
शीक्,,Y,N,*sekʷ-,
चीक्,,Y,N,*kʷei-,
अर्द्,,Y,N,*h₂erdʰ-,
हिंस्,,Y,N,*ǵʰens-,N
अर्ह्,,Y,N,*h₂leǵʰ-,
सद्,,Y,N,*sed-,
शुन्ध्,,Y,N,*swendʰ-,
छद्,,Y,N,*sked-,
जुष्,,Y,N,*ǵews-,
धू,,Y,Y,*dʰewh₂-,
प्री,,Y,Y,*priH-,
श्रन्थ्,,Y,N,*s(k)rendʰ-,
ग्रन्थ्,,Y,N,*gʷrendʰ-,
आप्,,Y,N,*h₂ep-,
तन्,,Y,N,*ten-,
चन्,,Y,N,*kʷen-,Y
वद्,,Y,N,*wedʰ-,
वच्,,Y,N,*wekʷ-,
मान्,,Y,N,*men-,
भू,,Y,Y,*bʰuH-,
गर्ह्,,Y,Y,*gʷerH-,N
मार्ग्,,Y,N,*merǵ-,
कण्ठ्,,Y,N,*kan-,Y
मृज्,,Y,N,*melǵ-,
मृष्,,Y,N,*mer-,N
धृष्,,Y,N,*dʰers-,
कथ,,Y,N,*kʷet-,N
वर,,Y,Y,*welh₁-,
गण,,Y,Y,*ǵneh₃-,N
शठ,,Y,N,*sket-,Y
श्वठ,,Y,-,,Y
पठ,,Y,Y,*peth₂-,N
वठ,,Y,-,,Y
रह,,Y,N,*reǵʰ-,
रंह्,,Y,N,*renǵʰ-,Y
स्तन,,Y,N,*sten-,
गद,,Y,N,*gʷʰedʰ-,
पत,,Y,Y,*peth₂-,
पष,,Y,-,,Y
स्वर,,Y,N,*swer-,
रच,,Y,N,*wrek'-,Y
कल,,Y,N,*kʷel-,Y
चह,,Y,Y,*ǵʰeh₂-,Y
मह,,Y,N,*meǵʰ-,
सार,,Y,N,*ser-,Y
कृप,,Y,N,*kerp-,Y
श्रथ,,Y,N,*ser- (to string together),
स्पृह,,Y,N,*sper- (to strew,
भाम,,Y,Y,*bʰeh₂-,Y
सूच,,Y,N,*sekʷ-,N
खेट,,Y,N,*ghed-,Y
खेड्,,Y,N,*ghed-,Y
खोट,,Y,N,*skot-,Y
क्षोट,,Y,Y,*kʷseh₂-,Y
गोम,,Y,N,*gʷṓws,N
कुमार,,Y,-,,Y
शील,,Y,N,*sē-dh-,
साम,,Y,Y,*seh₂-,N
वेल,,Y,Y,*welH-,N
काल,,Y,N,*kel-,N
पल्पूल,,Y,Y,*pelh₂-,Y
वात,,Y,N,*h₂wē-,
गवेष,,Y,N,*gʷʰes-,Y
वास,,Y,N,*wes-,
निवास,,Y,N,*sed-,
भाज,,Y,N,*bʰeh₂ǵ-,
सभाज,,Y,N,*bʰaǵ-,Y
ऊन,,Y,Y,*h₁weh₂-,N
ध्वन,,Y,N,*dʰwen-,Y
कूट,,Y,N,*keut-,N
सङ्केत,,Y,N,*kʷei-,Y
ग्राम,,Y,N,*ǵrem-,N
कुण,,Y,N,*ken-,Y
गुण,,Y,N,*gʷen-,N
केत,,Y,N,*ḱeyd-,N
कूण्,,Y,N,*gʷʰen-,Y
स्तेन,,Y,N,*steygʷʰ-,Y
पद,,Y,N,*ped-,
गृह,,Y,N,*ǵʰrebʰ-,
मृग,,Y,N,*mreǵʰ-,N
कुह,,Y,N,*kʷekʷ-,Y
शूर,,Y,N,*ḱer-,Y
वीर,,Y,N,*wiHrós,
स्थूल,,Y,Y,*stelH-,
अर्थ,,Y,N,*h₂r̥tós,
सत्र,,Y,Y,*seh₁-,Y
गर्व,,Y,Y,*gʷerH-,Y
सूत्र,,Y,Y,*syuh₁-,Y
मूत्र,,Y,Y,*h₂meyH-,Y
रूक्ष,,Y,N,*lewk-,Y
पार,,Y,N,*per-,
तीर,,Y,N,*ster-,
पुट,,Y,N,*bʰewdʰ-,Y
कत्र,,Y,N,*kert-,Y
कर्त्,,Y,N,*kert-,
वल्क,,Y,N,*welk-,Y
चित्र,,Y,N,*kʷey-,
अंस,,Y,N,*h₂éms-,
वट,,Y,N,*wet-,Y
छुट्,,Y,N,*skut-,Y
लज,,Y,N,*sleg-,Y
वण्ट्,,Y,N,*wend-,Y
लञ्ज्,,Y,N,*lenk-,Y
मिश्र,,Y,N,*meyǵ-,
सङ्ग्राम,,Y,N,*grem-,Y
स्तोम,,Y,N,*stóh₂-mn̥,
छिद्र,,Y,N,*skʰeyd-,
कर्ण,,Y,N,*ḱer-,
अन्ध,,Y,N,*h₁n̥dʰ-,
दण्ड,,Y,N,*dandʰ-,
अङ्क,,Y,N,*h₂negʷ-,Y
अङ्ग,,Y,N,*h₁negʷʰ-,Y
सुख,,Y,N,*h₁su-gʷʰ-,
दुःख,,Y,N,*dus-,Y
रस,,Y,N,*wreH₁d-,Y
व्यय,,Y,Y,*h₁weyh₁-,
रूप,,Y,N,*wrép-,
छेद,,Y,N,*skheid-,
छद,,Y,N,*sked-,
लाभ,,Y,N,*h₂leh₂bʰ-,Y
व्रण,,Y,Y,*werh₁-,N
वर्ण,,Y,N,*wer-,
पर्ण,,Y,N,*peln-,N
विष्क,,Y,N,*weysḱ-,Y
क्षिप,,Y,N,kʷsep-,N
वस,,Y,N,*wes-,
तुत्थ,,Y,Y,*teuH-,Y
पल्यूल,,Y,Y,*pelh₂-,Y
रुठ्,,Y,N,*h₁rewdʰ-,Y
धेक,,Y,Y,*dʰeh₁-,Y
