sanskrit_root,set,iecor_pie_root,iecor_has_laryngeal,iecor_ends_H,iecor_ends_CH,original_set,authoritative_set,dhatu_classes
भन्द्,Y,*bʰendʰ-,N,N,N,Y,Y,1:Y
क्लिन्द्,Y,*k̑lei̯-,N,N,N,Y,Y,1:Y;1:Y
दद्,Y,*deh₃-,Y,N,N,Y,Y,1:Y
कूर्द्,Y,*kers-,N,N,N,Y,Y,1:Y
गूर्द्,Y,*gʷerH-,Y,Y,Y,Y,Y,1:Y
ह्लाद्,Y,*kʷelh₁-,Y,N,N,Y,Y,1:Y
अत्,Y,*h₁ed-,Y,N,N,Y,Y,1:Y
लुन्थ्,Y,*lendʰ-,N,N,N,Y,Y,1:Y
सिध्,N,*seh₂-,Y,N,N,N,mixed,1:Y;1:?;1:Y;4:N
सिध्,N,*seh₂-,Y,N,N,N,mixed,1:Y;1:?;1:Y;4:N
नद्,Y,*(s)neh₁-,Y,N,N,Y,Y,1:Y;10:Y
कर्द्,Y,*k̑erd-,N,N,N,Y,Y,1:Y
अन्त्,Y,*h₂ent-,Y,N,N,Y,Y,1:Y
इन्द्,Y,*h₂ei̯dʰ-,Y,N,N,Y,Y,1:Y
गण्ड्,Y,*gʷʰen-,N,N,N,Y,Y,1:Y;1:Y
क्लिन्द्,Y,*k̑lei̯-,N,N,N,Y,Y,1:Y;1:Y
शीक्,Y,*sekʷ-,N,N,N,Y,Y,1:Y;10:Y;10:Y
सीक्,Y,*sekʷ-,N,N,N,Y,Y,1:Y
रेक्,Y,*lei̯kʷ-,N,N,N,Y,Y,1:Y
सेक्,Y,*sekʷ-,N,N,N,Y,Y,1:Y
मङ्क्,Y,*men-,N,N,N,Y,Y,1:Y
लाघ्,Y,*h₁legʰ-,Y,N,N,Y,Y,1:Y
तक्,Y,*tekʷ-,N,N,N,Y,Y,1:Y
लाख्,Y,*legʰ-,N,N,N,Y,Y,1:Y
शाख्,Y,*sekʷ-,N,N,N,Y,Y,1:Y
मख्,Y,*magʰ-,N,N,N,Y,Y,1:Y
इख्,Y,*sekʷ-,N,N,N,Y,Y,1:Y
इङ्ख्,Y,*sekʷ-,N,N,N,Y,Y,1:Y
खर्ख्,Y,*g̑ʰers-,N,N,N,Y,Y,1:Y
भर्ब्,Y,*bʰer-,N,N,N,Y,Y,1:Y
शिङ्घ्,Y,*sengʷʰ-,N,N,N,Y,Y,1:Y
सच्,Y,*sekʷ-,N,N,N,Y,Y,1:Y;1:Y
शच्,Y,*sekʷ-,N,N,N,Y,Y,1:Y
मच्,Y,*mag̑-,N,N,N,Y,Y,1:Y
पञ्च्,Y,*penkʷe,N,N,N,Y,Y,1:Y;10:Y
एज्,Y,*h₂eg̑-,Y,N,N,Y,Y,1:Y;1:Y
काड्,Y,*k̑ad-,N,N,N,Y,Y,1:Y
तञ्च्,N,*tenk-,N,N,N,N,Y,1:Y;7:?
ग्रुच्,Y,*gʷʰer-,N,N,N,Y,Y,1:Y
सज्ज्,Y,*sed-,N,N,N,Y,Y,1:Y
मूर्छ्,Y,*mer-,N,N,N,Y,Y,1:Y
धृञ्ज्,Y,*dʰer-,N,N,N,Y,Y,1:Y
सल्,Y,*sal-,N,N,N,Y,Y,1:Y;1:Y;1:Y
भृष्,Y,*bʰerg̑ʰ-,N,N,N,Y,Y,1:Y
गर्ज्,Y,*g̑erh₂-,Y,N,N,Y,Y,1:Y;10:Y
तर्ज्,Y,*terkʷ-,N,N,N,Y,Y,1:Y;10:Y
कर्ज्,Y,*kers-,N,N,N,Y,Y,1:Y
अज्,Y,*h₂egʰ-,Y,N,N,Y,Y,1:Y
एज्,Y,*h₂eg̑-,Y,N,N,Y,Y,1:Y;1:Y
गृञ्ज्,Y,*gʷerh₂-,Y,N,N,Y,Y,1:Y
चेष्ट्,Y,*kʷei̯s-,N,N,N,Y,Y,1:Y
मण्ठ्,Y,*men-,N,N,N,Y,Y,1:Y
कुण्ड्,Y,*gʷʰen-,N,N,N,Y,Y,1:Y;1:Y;10:Y
भण्ड्,Y,*bʰendʰ-,N,N,N,Y,Y,1:Y;10:Y
होड्,Y,*sed-,N,N,N,Y,Y,1:Y;1:Y
बाड्,Y,*gʷeh₂-,Y,N,N,Y,Y,1:Y
वाड्,Y,*gʷeh₂-,Y,N,N,Y,Y,1:Y
शाड्,Y,*sed-,N,N,N,Y,Y,1:Y
मेड्,Y,*med-,N,N,N,Y,Y,1:Y
म्रेड्,Y,*meld-,N,N,N,Y,Y,1:Y
म्लेट्,Y,*melh₂-,Y,N,N,Y,Y,1:Y
अट्,Y,*h₂ed-,Y,N,N,Y,Y,1:Y
पट्,Y,*pet-,N,N,N,Y,Y,1:Y;10:Y
रट्,Y,*ret-,N,N,N,Y,Y,1:Y;1:Y
शट्,Y,*sekʷ-,N,N,N,Y,Y,1:Y
सट्,Y,*sed-,N,N,N,Y,Y,1:Y
कुण्ड्,Y,*gʷʰen-,N,N,N,Y,Y,1:Y;1:Y;10:Y
पठ्,Y,*peth₂-,Y,N,N,Y,Y,1:Y
हौड्,Y,*h₂ed-,Y,N,N,Y,Y,1:Y
रठ्,Y,*ret-,N,N,N,Y,Y,1:Y
रट्,Y,*ret-,N,N,N,Y,Y,1:Y;1:Y
हठ्,Y,*dʰegʷʰ-,N,N,N,Y,Y,1:Y
अड्ड्,Y,*h₂ed-,Y,N,N,Y,Y,1:Y
तूड्,Y,*(s)teu̯d-,N,N,N,Y,Y,1:Y
होड्,Y,*sed-,N,N,N,Y,Y,1:Y;1:Y
अड्,Y,*h₂ed-,Y,N,N,Y,Y,1:Y
गण्ड्,Y,*gʷʰen-,N,N,N,Y,Y,1:Y;1:Y
तेप्,Y,*tep-,N,N,N,Y,Y,1:Y
हेप्,Y,*seh₁p-,Y,N,N,Y,Y,1:Y
त्रप्,N,*trep-,N,N,N,N,,1:?
सिध्,N,*seh₂-,Y,N,N,N,mixed,1:Y;1:?;1:Y;4:N
पर्प्,Y,*per-,N,N,N,Y,Y,1:Y
बर्ब्,Y,*bʰer-,N,N,N,Y,Y,1:Y
मर्ब्,Y,*mer-,N,N,N,Y,Y,1:Y
कर्ब्,Y,*k̑er-,N,N,N,Y,Y,1:Y
खर्ब्,Y,*gʰer-,N,N,N,Y,Y,1:Y
घिण्ण्,Y,*gʷʰen-,N,N,N,Y,Y,1:Y
घुण्ण्,Y,*gʷʰen-,N,N,N,Y,Y,1:Y
घुण्,Y,*gʷʰen-,N,N,N,Y,Y,1:Y;6:Y
घूर्ण्,Y,*gʷʰer-,N,N,N,Y,Y,1:Y;6:Y
भाम्,Y,*bʰeh₂-,Y,N,N,Y,Y,1:Y
भण्,Y,*bʰeh₂-,Y,N,N,Y,Y,1:Y
मण्,Y,*men-,N,N,N,Y,Y,1:Y
धण्,Y,*dʰen-,N,N,N,Y,Y,1:Y
पैण्,Y,*pei̯H-,Y,Y,N,Y,Y,1:Y
ध्रण्,Y,*dʰer-,N,N,N,Y,Y,1:Y
बण्,Y,*bʰeh₂-,Y,N,N,Y,Y,1:Y
सन्,Y,*h₁es-,Y,N,N,Y,Y,1:Y;8:Y
द्रम्,Y,*drem-,N,N,N,Y,Y,1:Y
मीम्,Y,*meh₁-,Y,N,N,Y,Y,1:Y
जम्,Y,*gem-,N,N,N,Y,Y,1:Y
जिम्,Y,*gem-,N,N,N,Y,Y,1:Y
मय्,Y,*meh₁-,Y,N,N,Y,Y,1:Y
तय्,Y,*teh₂-,Y,N,N,Y,Y,1:Y
दय्,Y,*deh₁-,Y,N,N,Y,Y,1:Y
शल्,Y,*skel-,N,N,N,Y,Y,1:Y;1:Y
कल्,Y,*k̑el-,N,N,N,Y,Y,1:Y;10:Y
कल्ल्,Y,*k̑el-,N,N,N,Y,Y,1:Y
गेव्,Y,*gʷeh₂-,Y,N,N,Y,Y,1:Y
ईर्ष्य्,Y,*h₁ers-,Y,N,N,Y,Y,1:Y
अल्,Y,*h₂el-,Y,N,N,Y,Y,1:Y
फल्,Y,*bʰel-,N,N,N,Y,Y,1:Y;1:Y
मील्,Y,*melh₂-,Y,N,N,Y,Y,1:Y
पील्,Y,*pel-,N,N,N,Y,Y,1:Y
नील्,Y,*nei̯-,N,N,N,Y,Y,1:Y
कील्,Y,*gʷelH-,Y,Y,Y,Y,Y,1:Y
तूल्,Y,*telh₂-,Y,N,N,Y,Y,1:Y
पूल्,Y,*pelh₂-,Y,N,N,Y,Y,1:Y;10:Y
फल्,Y,*bʰel-,N,N,N,Y,Y,1:Y;1:Y
फुल्ल्,Y,*bʰel-,N,N,N,Y,Y,1:Y
चिल्ल्,Y,*skel-,N,N,N,Y,Y,1:Y
चेल्ल्,Y,*k̑el-,N,N,N,Y,Y,1:Y
पेल्,Y,*pelh₂-,Y,N,N,Y,Y,1:Y
सेल्,Y,*sel-,N,N,N,Y,Y,1:Y
खल्,Y,*skel-,N,N,N,Y,Y,1:Y
गल्,Y,*gʷelH-,Y,Y,Y,Y,Y,1:Y;10:Y
सल्,Y,*sal-,N,N,N,Y,Y,1:Y;1:Y;1:Y
धोर्,Y,*dʰer-,N,N,N,Y,Y,1:Y
त्सर्,Y,*ters-,N,N,N,Y,Y,1:Y
क्मर्,Y,*gem-,N,N,N,Y,Y,1:Y
अभ्र्,Y,*nebʰ-,N,N,N,Y,Y,1:Y
चर्,Y,*kʷer-,N,N,N,Y,Y,1:Y;10:Y
तीव्,Y,*stei̯gʰ-,N,N,N,Y,Y,1:Y
गूर्व्,Y,*gʷerH-,Y,Y,Y,Y,Y,1:Y
पूर्व्,Y,*pel-,N,N,N,Y,Y,1:Y;10:Y
पर्व्,Y,*per-,N,N,N,Y,Y,1:Y
मर्व्,Y,*mer-,N,N,N,Y,Y,1:Y
चर्व्,Y,*gʰer-,N,N,N,Y,Y,1:Y
भर्व्,Y,*bʰer-,N,N,N,Y,Y,1:Y
बंह्,Y,*bʰeng̑ʰ-,N,N,N,Y,Y,1:Y
कर्व्,Y,*k̑er-,N,N,N,Y,Y,1:Y
गर्व्,Y,*gʷerH-,Y,Y,Y,Y,Y,1:Y
शर्व्,Y,*k̑er-,N,N,N,Y,Y,1:Y
सर्व्,Y,*ser-,N,N,N,Y,Y,1:Y
इन्व्,Y,*h₁ei̯-,Y,N,N,Y,Y,1:Y
मिन्व्,Y,*mei̯-,N,N,N,Y,Y,1:Y
धिन्व्,Y,*dʰenh₂-,Y,N,N,Y,Y,1:Y
धन्व्,Y,*dʰen-,N,N,N,Y,Y,1:Y
मव्,Y,*meh₂-,Y,N,N,Y,Y,1:Y
अव्,Y,*h₂eu̯-,Y,N,N,Y,Y,1:Y
ईक्ष्,Y,*sekʷ-,N,N,N,Y,Y,1:Y
भाष्,Y,*bʰeh₂-,Y,N,N,Y,Y,1:Y
नेष्,Y,*ned-,N,N,N,Y,Y,1:Y
हेष्,Y,*h₂egʰ-,Y,N,N,Y,Y,1:Y
भास्,Y,*bʰeh₂-,Y,N,N,Y,Y,1:Y
रास्,Y,*dʰeh₁-,Y,N,N,Y,Y,1:Y
नस्,Y,*ned-,N,N,N,Y,Y,1:Y
मंह्,Y,*men-,N,N,N,Y,Y,1:Y;10:Y
गर्ह्,Y,*gʷerH-,Y,Y,Y,Y,Y,1:Y;10:Y
बर्ह्,Y,*bʰerg̑ʰ-,N,N,N,Y,Y,1:Y;10:Y;10:Y
बल्ह्,Y,*bʰel-,N,N,N,Y,Y,1:Y;10:Y
प्लिह्,Y,*plek̑-,N,N,N,Y,Y,1:Y
बाह्,Y,*gʷeh₂-,Y,N,N,Y,Y,1:Y
काश्,Y,*kʷek̑-,N,N,N,Y,Y,1:Y;4:Y
गृह्,N,*gʰrebʰ-,N,N,N,N,,1:?
घष्,Y,*g̑ʰes-,N,N,N,Y,Y,1:Y
तृक्ष्,Y,*terkʷ-,N,N,N,Y,Y,1:Y
पक्ष्,Y,*pekʷ-,N,N,N,Y,Y,1:Y;10:Y
सल्,Y,*sal-,N,N,N,Y,Y,1:Y;1:Y;1:Y
मूष्,Y,*mūs,N,N,N,Y,Y,1:Y
कष्,Y,*kes-,N,N,N,Y,Y,1:Y
शिष्,Y,*sekʷ-,N,N,N,Y,mixed,1:N;7:N;10:Y
जष्,Y,*g̑ʰes-,N,N,N,Y,Y,1:Y
मुष्,Y,*mūs,N,N,N,Y,Y,1:Y;9:Y
मृष्,Y,*mer-,N,N,N,Y,Y,1:Y;4:Y;10:Y
हृष्,Y,*g̑ʰers-,N,N,N,Y,Y,1:Y;4:Y
ह्रस्,Y,*kers-,N,N,N,Y,Y,1:Y
झर्झ्,Y,*g̑ʰers-,N,N,N,Y,Y,1:Y;6:Y
पिस्,Y,*pek̑-,N,N,N,Y,Y,1:Y;10:Y
पेस्,Y,*pekʷ-,N,N,N,Y,Y,1:Y
पिश्,Y,*pei̯k̑-,N,N,N,Y,Y,1:Y;6:Y
पेश्,Y,*pek̑-,N,N,N,Y,Y,1:Y
शश्,Y,*ses-,N,N,N,Y,Y,1:Y
बृह्,N,*bʰerg̑ʰ-,N,N,N,N,Y,1:Y;6:?
बृंह्,Y,*bʰerg̑ʰ-,N,N,N,Y,Y,1:Y;10:Y
नभ्,Y,*nebʰ-,N,N,N,Y,Y,1:Y;4:Y;9:Y
शृध्,Y,*ser-,N,N,N,Y,Y,1:Y;1:Y;10:Y
ज्वर्,Y,*gʷʰer-,N,N,N,Y,Y,1:Y
लग्,Y,*leg̑-,N,N,N,Y,Y,1:Y;10:Y
सग्,Y,*sekʷ-,N,N,N,Y,Y,1:Y
अक्,Y,*h₂eg̑-,Y,N,N,Y,Y,1:Y
शण्,Y,*ken-,N,N,N,Y,Y,1:Y
क्नथ्,Y,*g̑enu-,N,N,N,Y,Y,1:Y
क्रथ्,Y,*kert-,N,N,N,Y,Y,1:Y
स्मृ,N,*smer-,N,N,N,N,N,1:N;1:N;5:N
दॄ,Y,*der-,N,N,N,Y,Y,1:Y;9:Y
नॄ,Y,*h₂ner-,Y,N,N,Y,Y,1:Y;9:Y
ज्ञा,Y,*g̑neh₃-,Y,N,N,Y,mixed,1:Y;9:N;10:Y
मद्,Y,*med-,N,N,N,Y,Y,1:Y;4:Y;10:Y
तृह्,Y,*terh₂-,Y,N,N,Y,Y,1:Y;6:?;7:Y
मेट्,Y,*med-,N,N,N,Y,Y,1:Y
मक्ष्,Y,*mag̑-,N,N,N,Y,Y,1:Y
राज्,Y,*h₃reg̑-,Y,N,N,Y,Y,1:Y
सम्,Y,*sem-,N,N,N,Y,Y,1:Y;4:Y
ट्वल्,Y,*telh₂-,Y,N,N,Y,Y,1:Y
हल्,Y,*kelh₂-,Y,N,N,Y,Y,1:Y
पल्,Y,*pel-,N,N,N,Y,Y,1:Y;10:Y
बल्,Y,*bel-,N,N,N,Y,Y,1:Y;10:Y
पुल्,Y,*pelh₂-,Y,N,N,Y,Y,1:Y;10:Y;10:Y
शल्,Y,*skel-,N,N,N,Y,Y,1:Y;1:Y
पत्,Y,*peth₂-,Y,N,N,Y,Y,1:Y
सह्,Y,*seg̑ʰ-,N,N,N,Y,Y,1:Y;4:Y;10:Y
सद्,Y,*sed-,N,N,N,Y,mixed,1:N;6:N;10:Y
शद्,N,*sed-,N,N,N,N,N,1:N;6:N
बुध्,N,*bʰeu̯dʰ-,N,N,N,N,mixed,1:Y;1:Y;4:N
अच्,Y,*h₂ek̑-,Y,N,N,Y,Y,1:Y
रेट्,Y,*ret-,N,N,N,Y,Y,1:Y
मेद्,Y,*med-,N,N,N,Y,Y,1:Y
मेध्,Y,*med-,N,N,N,Y,Y,1:Y
निद्,Y,*sed-,N,N,N,Y,Y,1:Y
नेद्,Y,*ned-,N,N,N,Y,Y,1:Y
शृध्,Y,*ser-,N,N,N,Y,Y,1:Y;1:Y;10:Y
बुध्,N,*bʰeu̯dʰ-,N,N,N,N,mixed,1:Y;1:Y;4:N
वेन्,Y,*gʷʰen-,N,N,N,Y,Y,1:Y
खन्,Y,*gʷʰen-,N,N,N,Y,Y,1:Y
दाश्,Y,*deh₃-,Y,N,N,Y,Y,1:Y;5:Y
अस्,Y,*h₁es-,Y,N,N,Y,Y,1:Y;2:Y;4:Y
अष्,Y,*h₁ed-,Y,N,N,Y,Y,1:Y
स्पश्,Y,*spek̑-,N,N,N,Y,Y,1:Y;10:Y
भक्ष्,Y,*bʰegʷ-,N,N,N,Y,Y,1:Y;10:Y
दास्,Y,*deh₃-,Y,N,N,Y,Y,1:Y
माह्,Y,*meh₂-,Y,N,N,Y,Y,1:Y
भृ,N,*bʰer-,N,N,N,N,N,1:N;3:N
हृ,N,*gʰer-,N,N,N,N,N,1:N;3:N
धृ,N,*dʰer-,N,N,N,N,N,1:N;1:N;6:N
धे,N,*dʰeh₁-,Y,N,N,N,N,1:N
म्लै,N,*melh₁-,Y,N,N,N,N,1:N
द्रै,N,*der-,N,N,N,N,N,1:N
ध्रै,N,*dʰer-,N,N,N,N,N,1:N
क्षै,N,*g̑ʰei̯-,N,N,N,N,N,1:N
जै,N,*g̑enh₁-,Y,N,N,N,N,1:N
सै,N,*seh₁-,Y,N,N,N,N,1:N
कै,N,*kʷei̯-,N,N,N,N,N,1:N
शै,N,*k̑ei̯-,N,N,N,N,N,1:N
श्रै,N,*k̑lei̯-,N,N,N,N,N,1:N
दै,N,*deh₃-,Y,N,N,N,N,1:N
स्था,N,*steh₂-,Y,N,N,N,N,1:N
म्ना,N,*men-,N,N,N,N,N,1:N
दा,N,*deh₃-,Y,N,N,N,N,1:N;2:N;3:N
ह्वृ,N,*gʷʰer-,N,N,N,N,N,1:N;1:N
स्मृ,N,*smer-,N,N,N,N,N,1:N;1:N;5:N
ह्वृ,N,*gʷʰer-,N,N,N,N,N,1:N;1:N
सृ,N,*ser-,N,N,N,N,N,1:N;3:N
ऋ,N,*h₁er-,Y,N,N,N,N,1:N;3:N
गृ,Y,*gʰer-,N,N,N,Y,mixed,1:N;10:Y
घृ,Y,*gʰer-,N,N,N,Y,mixed,1:N;3:N;10:Y
सु,N,*h₁su-,Y,N,N,N,N,1:N;2:N;5:N
जृ,N,*g̑erh₂-,Y,N,N,N,N,1:N
स्मि,Y,*smei̯-,N,N,N,Y,mixed,1:N;10:Y
गा,N,*gʷeh₂-,Y,N,N,N,N,1:N;3:N
धृ,N,*dʰer-,N,N,N,N,N,1:N;1:N;6:N
मे,N,*meh₁-,Y,N,N,N,N,1:N
दे,N,*deh₃-,Y,N,N,N,N,1:N
त्रै,N,*terh₂-,Y,N,N,N,N,1:N
मू,Y,*meh₂-,Y,N,N,Y,Y,1:Y
तॄ,Y,*terh₁-,Y,N,N,Y,Y,1:Y
मान्,Y,*men-,N,N,N,Y,Y,1:Y;10:Y;10:Y
हद्,N,*sed-,N,N,N,N,N,1:N
नम्,N,*nem-,N,N,N,N,N,1:N
गम्,N,*gʷem-,N,N,N,N,N,1:N
तप्,Y,*tep-,N,N,N,Y,mixed,1:N;4:N;10:Y
सञ्ज्,N,*sekʷ-,N,N,N,N,N,1:N
दृश्,N,*derk̑-,N,N,N,N,N,1:N
दह्,N,*dʰegʷʰ-,N,N,N,N,N,1:N
मिह्,N,*mei̯gʰ-,N,N,N,N,N,1:N
पच्,N,*pekʷ-,N,N,N,N,N,1:N
सच्,Y,*sekʷ-,N,N,N,Y,Y,1:Y;1:Y
अद्,N,*h₁ed-,Y,N,N,N,N,2:N
हन्,N,*gʷʰen-,N,N,N,N,N,2:N
दिह्,N,*dʰei̯g̑ʰ-,N,N,N,N,N,2:N
ईर्,Y,*h₁er-,Y,N,N,Y,Y,2:Y;10:Y
आस्,Y,*h₁es-,Y,N,N,Y,Y,2:Y
शास्,Y,*keh₂-,Y,N,N,Y,Y,2:Y;2:Y
कश्,Y,*kes-,N,N,N,Y,Y,2:Y
निञ्ज्,Y,*nei̯gʷ-,N,N,N,Y,Y,2:Y
सू,Y,*sū̆-,N,N,N,Y,Y,2:?;4:?;6:Y
सु,N,*h₁su-,Y,N,N,N,N,1:N;2:N;5:N
भा,N,*bʰeh₂-,Y,N,N,N,N,2:N
प्सा,N,*bʰeh₂-,Y,N,N,N,N,2:N
दा,N,*deh₃-,Y,N,N,N,N,1:N;2:N;3:N
ख्या,N,*g̑neh₃-,Y,N,N,N,N,2:N
प्रा,N,*per-,N,N,N,N,N,2:N
मा,N,*meh₂-,Y,N,N,N,N,2:N;3:N;4:N
अस्,Y,*h₁es-,Y,N,N,Y,Y,1:Y;2:Y;4:Y
जक्ष्,Y,*g̑ʰes-,N,N,N,Y,Y,2:Y
दरिद्रा,Y,*dʰer-,N,N,N,Y,Y,2:Y
चकास्,Y,*keh₂-,Y,N,N,Y,Y,2:Y
शास्,Y,*keh₂-,Y,N,N,Y,Y,2:Y;2:Y
दीधी,Y,*dʰeh₁-,Y,N,N,Y,Y,2:Y
सस्,Y,*seh₁-,Y,N,N,Y,Y,2:Y
संस्त्,Y,*steh₂-,Y,N,N,Y,Y,2:Y
पॄ,Y,*pelh₂-,Y,N,N,Y,Y,3:Y;9:Y;10:Y
पृ,N,*pelh₂-,Y,N,N,N,mixed,3:Y;5:N;6:N
भृ,N,*bʰer-,N,N,N,N,N,1:N;3:N
मा,N,*meh₂-,Y,N,N,N,N,2:N;3:N;4:N
हा,N,*seh₂-,Y,N,N,N,N,3:N;3:N
हा,N,*seh₂-,Y,N,N,N,N,3:N;3:N
दा,N,*deh₃-,Y,N,N,N,N,1:N;2:N;3:N
धा,N,*dʰeh₁-,Y,N,N,N,N,3:N
घृ,Y,*gʰer-,N,N,N,Y,mixed,1:N;3:N;10:Y
हृ,N,*gʰer-,N,N,N,N,N,1:N;3:N
ऋ,N,*h₁er-,Y,N,N,N,N,1:N;3:N
सृ,N,*ser-,N,N,N,N,N,1:N;3:N
धन्,Y,*dʰen-,N,N,N,Y,Y,3:Y
जन्,Y,*g̑enh₁-,Y,N,N,Y,Y,3:Y;4:Y
गा,N,*gʷeh₂-,Y,N,N,N,N,1:N;3:N
त्रस्,Y,*tres-,N,N,N,Y,Y,4:Y;10:Y
कुथ्,Y,*k̑eu̯-,N,N,N,Y,Y,4:Y
स्तीम्,Y,*stei̯gʰ-,N,N,N,Y,Y,4:Y
सह्,Y,*seg̑ʰ-,N,N,N,Y,Y,1:Y;4:Y;10:Y
जॄ,Y,*g̑erh₂-,Y,N,N,Y,Y,4:Y;9:Y;10:Y
झॄ,Y,*gʰer-,N,N,N,Y,Y,4:Y;9:Y
सू,Y,*sū̆-,N,N,N,Y,Y,2:?;4:?;6:Y
मा,N,*meh₂-,Y,N,N,N,N,2:N;3:N;4:N
सो,N,*seh₁-,Y,N,N,N,N,4:N
दो,N,*deh₃-,Y,N,N,N,N,4:N
जन्,Y,*g̑enh₁-,Y,N,N,Y,Y,3:Y;4:Y
पूर्,Y,*pleh₁-,Y,N,N,Y,Y,4:Y;10:Y
गूर्,Y,*gʷerH-,Y,Y,Y,Y,Y,4:Y;10:Y
तप्,Y,*tep-,N,N,N,Y,mixed,1:N;4:N;10:Y
काश्,Y,*kʷek̑-,N,N,N,Y,Y,1:Y;4:Y
मृष्,Y,*mer-,N,N,N,Y,Y,1:Y;4:Y;10:Y
पद्,N,*ped-,N,N,N,N,N,4:N
बुध्,N,*bʰeu̯dʰ-,N,N,N,N,mixed,1:Y;1:Y;4:N
मन्,Y,*men-,N,N,N,Y,mixed,4:N;8:Y;10:Y
शक्,N,*seg̑ʰ-,N,N,N,N,mixed,4:Y;5:N
सिध्,N,*seh₂-,Y,N,N,N,mixed,1:Y;1:?;1:Y;4:N
नश्,N,*nek̑-,N,N,N,N,,4:?
दृप्,Y,*dʰrebʰ-,N,N,N,Y,Y,4:?;6:Y;10:Y
मुह्,N,*mūs,N,N,N,N,,4:?
दम्,Y,*dem-,N,N,N,Y,Y,4:Y
मद्,Y,*med-,N,N,N,Y,Y,1:Y;4:Y;10:Y
अस्,Y,*h₁es-,Y,N,N,Y,Y,1:Y;2:Y;4:Y
तस्,Y,*teh₂-,Y,N,N,Y,Y,4:Y
दस्,Y,*deh₃-,Y,N,N,Y,Y,4:Y;10:Y
मुस्,Y,*mūs,N,N,N,Y,Y,4:Y
सम्,Y,*sem-,N,N,N,Y,Y,1:Y;4:Y
भृश्,Y,*bʰer-,N,N,N,Y,Y,4:Y
तृष्,Y,*ters-,N,N,N,Y,Y,4:Y
हृष्,Y,*g̑ʰers-,N,N,N,Y,Y,1:Y;4:Y
नभ्,Y,*nebʰ-,N,N,N,Y,Y,1:Y;4:Y;9:Y
सु,N,*h₁su-,Y,N,N,N,N,1:N;2:N;5:N
चि,Y,*kʷei̯-,N,N,N,Y,mixed,5:N;10:Y;10:Y
स्तृ,N,*sterh₃-,Y,N,N,N,N,5:N
कृ,N,*kʷer-,N,N,N,N,N,5:N;8:N
पृ,N,*pelh₂-,Y,N,N,N,mixed,3:Y;5:N;6:N
स्पृ,N,*sper-,N,N,N,N,N,5:N
स्मृ,N,*smer-,N,N,N,N,N,1:N;1:N;5:N
आप्,Y,*h₂ep-,Y,N,N,Y,mixed,5:N;10:Y
शक्,N,*seg̑ʰ-,N,N,N,N,mixed,4:Y;5:N
अश्,Y,*h₁ed-,Y,N,N,Y,Y,5:?;9:Y
स्तिघ्,Y,*stei̯gʰ-,N,N,N,Y,Y,5:Y
तिग्,Y,*stei̯gʰ-,N,N,N,Y,Y,5:Y
सघ्,Y,*sekʷ-,N,N,N,Y,Y,5:Y
अह्,Y,*h₂egʰ-,Y,N,N,Y,Y,5:Y
दघ्,Y,*dʰegʷʰ-,N,N,N,Y,Y,5:Y
चिरि,Y,*kʷer-,N,N,N,Y,Y,5:Y
दाश्,Y,*deh₃-,Y,N,N,Y,Y,1:Y;5:Y
दृ,N,*dʰer-,N,N,N,N,N,5:N;6:N
दिश्,N,*dei̯k̑-,N,N,N,N,N,6:N
झर्झ्,Y,*g̑ʰers-,N,N,N,Y,Y,1:Y;6:Y
तृफ्,Y,*dʰrebʰ-,N,N,N,Y,Y,6:Y
दृप्,Y,*dʰrebʰ-,N,N,N,Y,Y,4:?;6:Y;10:Y
स्तृंह्,N,*sterh₃-,Y,N,N,N,,6:?
उभ्,Y,*h₂ep-,Y,N,N,Y,Y,6:Y
दृभ्,Y,*dʰrebʰ-,N,N,N,Y,Y,6:Y;10:Y;10:Y
पृड्,Y,*per-,N,N,N,Y,Y,6:Y
पृण्,Y,*pelh₁-,Y,N,N,Y,Y,6:Y
मृण्,Y,*mer-,N,N,N,Y,Y,6:Y
तुण्,Y,*ten-,N,N,N,Y,Y,6:Y
पुण्,Y,*pelh₁-,Y,N,N,Y,Y,6:Y;10:Y
कुण्,Y,*k̑eu̯-,N,N,N,Y,Y,6:Y
घुण्,Y,*gʷʰen-,N,N,N,Y,Y,1:Y;6:Y
घूर्ण्,Y,*gʷʰer-,N,N,N,Y,Y,1:Y;6:Y
कुर्,Y,*kʷer-,N,N,N,Y,Y,6:Y
पुर्,Y,*pleh₁-,Y,N,N,Y,Y,6:Y
बृह्,N,*bʰerg̑ʰ-,N,N,N,N,Y,1:Y;6:?
तृह्,Y,*terh₂-,Y,N,N,Y,Y,1:Y;6:?;7:Y
स्तृह्,N,*sterh₃-,Y,N,N,N,,6:?
किल्,Y,*k̑el-,N,N,N,Y,Y,6:Y;10:Y
बिल्,Y,*bel-,N,N,N,Y,Y,6:Y;10:Y
शिल्,Y,*skel-,N,N,N,Y,Y,6:Y
मिल्,Y,*melh₂-,Y,N,N,Y,Y,6:Y;6:Y
लिख्,Y,*legʰ-,N,N,N,Y,Y,6:Y
गुड्,Y,*gʷelH-,Y,Y,Y,Y,Y,6:Y
छुर्,Y,*(s)ker-,N,N,N,Y,Y,6:Y
त्रुट्,Y,*treu̯d-,N,N,N,Y,Y,6:Y;10:Y
कृड्,Y,*kʷer-,N,N,N,Y,Y,6:Y
स्थुड्,Y,*steh₂-,Y,N,N,Y,Y,6:Y
स्फुर्,Y,*sper-,N,N,N,Y,Y,6:Y
स्फर्,Y,*sper-,N,N,N,Y,Y,6:Y
कू,Y,*gʷeh₂-,Y,N,N,Y,Y,6:Y
पृ,N,*pelh₂-,Y,N,N,N,mixed,3:Y;5:N;6:N
मृ,N,*mer-,N,N,N,N,N,6:N
धि,N,*dʰeh₁-,Y,N,N,N,N,6:N
सू,Y,*sū̆-,N,N,N,Y,Y,2:?;4:?;6:Y
कॄ,Y,*kʷer-,N,N,N,Y,Y,6:Y;9:Y;9:Y
दृ,N,*dʰer-,N,N,N,N,N,5:N;6:N
धृ,N,*dʰer-,N,N,N,N,N,1:N;1:N;6:N
मज्ज्,N,*mers-,N,N,N,N,N,6:N
सद्,Y,*sed-,N,N,N,Y,mixed,1:N;6:N;10:Y
शद्,N,*sed-,N,N,N,N,N,1:N;6:N
मिल्,Y,*melh₂-,Y,N,N,Y,Y,6:Y;6:Y
लिप्,N,*lei̯p-,N,N,N,N,N,6:N
सिच्,N,*sei̯kʷ-,N,N,N,N,N,6:N
पिश्,Y,*pei̯k̑-,N,N,N,Y,Y,1:Y;6:Y
फुल्,Y,*bʰel-,N,N,N,Y,Y,6:Y
तृद्,Y,*terh₂-,Y,N,N,Y,Y,7:Y
शिष्,Y,*sekʷ-,N,N,N,Y,mixed,1:N;7:N;10:Y
तृह्,Y,*terh₂-,Y,N,N,Y,Y,1:Y;6:?;7:Y
उन्द्,Y,*ned-,N,N,N,Y,Y,7:Y
तञ्च्,N,*tenk-,N,N,N,N,Y,1:Y;7:?
तन्,Y,*ten-,N,N,N,Y,Y,8:Y;10:Y
सन्,Y,*h₁es-,Y,N,N,Y,Y,1:Y;8:Y
क्षण्,Y,*kes-,N,N,N,Y,Y,8:Y
ऋण्,Y,*h₂er-,Y,N,N,Y,Y,8:Y
तृण्,Y,*terh₂-,Y,N,N,Y,Y,8:Y
घृण्,Y,*gʰer-,N,N,N,Y,Y,8:Y
मन्,Y,*men-,N,N,N,Y,mixed,4:N;8:Y;10:Y
कृ,N,*kʷer-,N,N,N,N,N,5:N;8:N
शॄ,Y,*k̑er-,N,N,N,Y,Y,9:Y;9:Y
स्तॄ,Y,*sterh₃-,Y,N,N,Y,Y,9:Y
कॄ,Y,*kʷer-,N,N,N,Y,Y,6:Y;9:Y;9:Y
शॄ,Y,*k̑er-,N,N,N,Y,Y,9:Y;9:Y
पॄ,Y,*pelh₂-,Y,N,N,Y,Y,3:Y;9:Y;10:Y
भॄ,Y,*bʰer-,N,N,N,Y,Y,9:Y
मॄ,Y,*mer-,N,N,N,Y,Y,9:Y
दॄ,Y,*der-,N,N,N,Y,Y,1:Y;9:Y
जॄ,Y,*g̑erh₂-,Y,N,N,Y,Y,4:Y;9:Y;10:Y
झॄ,Y,*gʰer-,N,N,N,Y,Y,4:Y;9:Y
धॄ,Y,*dʰer-,N,N,N,Y,Y,9:Y
नॄ,Y,*h₂ner-,Y,N,N,Y,Y,1:Y;9:Y
कॄ,Y,*kʷer-,N,N,N,Y,Y,6:Y;9:Y;9:Y
ॠ,Y,*h₁er-,Y,N,N,Y,Y,9:Y
प्ली,N,*pleh₂-,Y,N,N,N,N,9:N
भ्री,N,*bʰer-,N,N,N,N,N,9:N
ज्ञा,Y,*g̑neh₃-,Y,N,N,Y,mixed,1:Y;9:N;10:Y
बन्ध्,Y,*bʰendʰ-,N,N,N,Y,mixed,9:N;10:Y
नभ्,Y,*nebʰ-,N,N,N,Y,Y,1:Y;4:Y;9:Y
अश्,Y,*h₁ed-,Y,N,N,Y,Y,5:?;9:Y
मुष्,Y,*mūs,N,N,N,Y,Y,1:Y;9:Y
यन्त्र्,Y,*h₁ed-,Y,N,N,Y,Y,10:Y
मिन्द्,Y,*men-,N,N,N,Y,Y,10:Y
लण्ड्,Y,*lendʰ-,N,N,N,Y,Y,10:Y;10:Y
बन्ध्,Y,*bʰendʰ-,N,N,N,Y,mixed,9:N;10:Y
पॄ,Y,*pelh₂-,Y,N,N,Y,Y,3:Y;9:Y;10:Y
पक्ष्,Y,*pekʷ-,N,N,N,Y,Y,1:Y;10:Y
साम्ब्,Y,*seh₂-,Y,N,N,Y,Y,10:Y
भक्ष्,Y,*bʰegʷ-,N,N,N,Y,Y,1:Y;10:Y
पिस्,Y,*pek̑-,N,N,N,Y,Y,1:Y;10:Y
सान्त्व्,Y,*seh₂-,Y,N,N,Y,Y,10:Y;10:Y
सान्त्व्,Y,*seh₂-,Y,N,N,Y,Y,10:Y;10:Y
स्मिट्,Y,*smei̯-,N,N,N,Y,Y,10:Y
स्मि,Y,*smei̯-,N,N,N,Y,mixed,1:N;10:Y
कुण्ड्,Y,*gʷʰen-,N,N,N,Y,Y,1:Y;1:Y;10:Y
गुण्ड्,Y,*gʷʰen-,N,N,N,Y,Y,10:Y
गुण्ठ्,Y,*gʷʰen-,N,N,N,Y,Y,10:Y
भण्ड्,Y,*bʰendʰ-,N,N,N,Y,Y,1:Y;10:Y
छर्द्,Y,*gʰerdʰ-,N,N,N,Y,Y,10:Y
तल्,Y,*telh₂-,Y,N,N,Y,Y,10:Y
तुल्,Y,*telh₂-,Y,N,N,Y,Y,10:Y
पुल्,Y,*pelh₂-,Y,N,N,Y,Y,1:Y;10:Y;10:Y
कल्,Y,*k̑el-,N,N,N,Y,Y,1:Y;10:Y
बिल्,Y,*bel-,N,N,N,Y,Y,6:Y;10:Y
पाल्,Y,*pelh₂-,Y,N,N,Y,Y,10:Y
पल्,Y,*pel-,N,N,N,Y,Y,1:Y;10:Y
ज्ञप्,Y,*g̑neh₃-,Y,N,N,Y,Y,10:Y
बल्,Y,*bel-,N,N,N,Y,Y,1:Y;10:Y
चि,Y,*kʷei̯-,N,N,N,Y,mixed,5:N;10:Y;10:Y
मुस्त्,Y,*mūs,N,N,N,Y,Y,10:Y
सट्ट्,Y,*sed-,N,N,N,Y,Y,10:Y
पुल्,Y,*pelh₂-,Y,N,N,Y,Y,1:Y;10:Y;10:Y
पूर्ण्,Y,*pelh₁-,Y,N,N,Y,Y,10:Y
पुण्,Y,*pelh₁-,Y,N,N,Y,Y,6:Y;10:Y
पूल्,Y,*pelh₂-,Y,N,N,Y,Y,1:Y;10:Y
अर्क्,Y,*h₂erg̑-,Y,N,N,Y,Y,10:Y
घृ,Y,*gʰer-,N,N,N,Y,mixed,1:N;3:N;10:Y
पञ्च्,Y,*penkʷe,N,N,N,Y,Y,1:Y;10:Y
कॄत्,Y,*kʷer-,N,N,N,Y,Y,10:Y
ह्लप्,Y,*klep-,N,N,N,Y,Y,10:Y
क्लप्,Y,*klep-,N,N,N,Y,Y,10:Y
अस्त्,Y,*h₁es-,Y,N,N,Y,Y,10:Y
बर्ह्,Y,*bʰerg̑ʰ-,N,N,N,Y,Y,1:Y;10:Y;10:Y
बुल्,Y,*bʰel-,N,N,N,Y,Y,10:Y
गर्ज्,Y,*g̑erh₂-,Y,N,N,Y,Y,1:Y;10:Y
पूर्व्,Y,*pel-,N,N,N,Y,Y,1:Y;10:Y
पर्थ्,Y,*per-,N,N,N,Y,Y,10:Y
दस्,Y,*deh₃-,Y,N,N,Y,Y,4:Y;10:Y
तन्त्र्,Y,*ten-,N,N,N,Y,Y,10:Y
मन्त्र्,Y,*men-,N,N,N,Y,Y,10:Y
स्पश्,Y,*spek̑-,N,N,N,Y,Y,1:Y;10:Y
तर्ज्,Y,*terkʷ-,N,N,N,Y,Y,1:Y;10:Y
गन्ध्,Y,*gʷʰen-,N,N,N,Y,Y,10:Y
किल्,Y,*k̑el-,N,N,N,Y,Y,6:Y;10:Y
पिल्,Y,*pel-,N,N,N,Y,Y,10:Y
कूण्,Y,*gʷʰen-,N,N,N,Y,Y,10:Y;10:Y
गूर्,Y,*gʷerH-,Y,Y,Y,Y,Y,4:Y;10:Y
त्रुट्,Y,*treu̯d-,N,N,N,Y,Y,6:Y;10:Y
गल्,Y,*gʷelH-,Y,Y,Y,Y,Y,1:Y;10:Y
मद्,Y,*med-,N,N,N,Y,Y,1:Y;4:Y;10:Y
गृ,Y,*gʰer-,N,N,N,Y,mixed,1:N;10:Y
मान्,Y,*men-,N,N,N,Y,Y,1:Y;10:Y;10:Y
मन्,Y,*men-,N,N,N,Y,mixed,4:N;8:Y;10:Y
पश्,Y,*spek̑-,N,N,N,Y,Y,10:Y
तंस्,Y,*tens-,N,N,N,Y,Y,10:Y
ज्ञा,Y,*g̑neh₃-,Y,N,N,Y,mixed,1:Y;9:N;10:Y
शृध्,Y,*ser-,N,N,N,Y,Y,1:Y;1:Y;10:Y
लग्,Y,*leg̑-,N,N,N,Y,Y,1:Y;10:Y
त्रस्,Y,*tres-,N,N,N,Y,Y,4:Y;10:Y
चर्,Y,*kʷer-,N,N,N,Y,Y,1:Y;10:Y
पट्,Y,*pet-,N,N,N,Y,Y,1:Y;10:Y
लक्,Y,*leg̑-,N,N,N,Y,Y,10:Y
त्रंस्,Y,*ters-,N,N,N,Y,Y,10:Y
पिंस्,Y,*pek̑-,N,N,N,Y,Y,10:Y
घण्ट्,Y,*gʷʰen-,N,N,N,Y,Y,10:Y
बृंह्,Y,*bʰerg̑ʰ-,N,N,N,Y,Y,1:Y;10:Y
बर्ह्,Y,*bʰerg̑ʰ-,N,N,N,Y,Y,1:Y;10:Y;10:Y
बल्ह्,Y,*bʰel-,N,N,N,Y,Y,1:Y;10:Y
नद्,Y,*(s)neh₁-,Y,N,N,Y,Y,1:Y;10:Y
तर्क्,Y,*terkʷ-,N,N,N,Y,Y,10:Y
शीक्,Y,*sekʷ-,N,N,N,Y,Y,1:Y;10:Y;10:Y
नण्ट्,Y,*ned-,N,N,N,Y,Y,10:Y
चि,Y,*kʷei̯-,N,N,N,Y,mixed,5:N;10:Y;10:Y
मंह्,Y,*men-,N,N,N,Y,Y,1:Y;10:Y
लण्ड्,Y,*lendʰ-,N,N,N,Y,Y,10:Y;10:Y
पूर्,Y,*pleh₁-,Y,N,N,Y,Y,4:Y;10:Y
सह्,Y,*seg̑ʰ-,N,N,N,Y,Y,1:Y;4:Y;10:Y
ईर्,Y,*h₁er-,Y,N,N,Y,Y,2:Y;10:Y
जॄ,Y,*g̑erh₂-,Y,N,N,Y,Y,4:Y;9:Y;10:Y
शिष्,Y,*sekʷ-,N,N,N,Y,mixed,1:N;7:N;10:Y
तप्,Y,*tep-,N,N,N,Y,mixed,1:N;4:N;10:Y
दृप्,Y,*dʰrebʰ-,N,N,N,Y,Y,4:?;6:Y;10:Y
दृभ्,Y,*dʰrebʰ-,N,N,N,Y,Y,6:Y;10:Y;10:Y
दृभ्,Y,*dʰrebʰ-,N,N,N,Y,Y,6:Y;10:Y;10:Y
शीक्,Y,*sekʷ-,N,N,N,Y,Y,1:Y;10:Y;10:Y
चीक्,Y,*kʷei̯-,N,N,N,Y,Y,10:Y
सद्,Y,*sed-,N,N,N,Y,mixed,1:N;6:N;10:Y
आप्,Y,*h₂ep-,Y,N,N,Y,mixed,5:N;10:Y
तन्,Y,*ten-,N,N,N,Y,Y,8:Y;10:Y
मान्,Y,*men-,N,N,N,Y,Y,1:Y;10:Y;10:Y
गर्ह्,Y,*gʷerH-,Y,Y,Y,Y,Y,1:Y;10:Y
मृष्,Y,*mer-,N,N,N,Y,Y,1:Y;4:Y;10:Y
गण,Y,*g̑neh₃-,Y,N,N,Y,Y,10:Y
पठ,Y,*peth₂-,Y,N,N,Y,Y,10:Y
पत,Y,*peth₂-,Y,N,N,Y,Y,10:Y
सार,Y,*ser-,N,N,N,Y,Y,10:Y
भाम,Y,*bʰeh₂-,Y,N,N,Y,Y,10:Y
सूच,Y,*sekʷ-,N,N,N,Y,Y,10:Y
साम,Y,*seh₂-,Y,N,N,Y,Y,10:Y
काल,Y,*k̑el-,N,N,N,Y,Y,10:Y
पल्पूल,Y,*pelh₂-,Y,N,N,Y,Y,10:Y
निवास,Y,*sed-,N,N,N,Y,Y,10:Y
सभाज,Y,*bʰag-,N,N,N,Y,Y,10:Y
सङ्केत,Y,*kʷei̯-,N,N,N,Y,Y,10:Y
ग्राम,Y,*grem-,N,N,N,Y,Y,10:Y
कुण,Y,*ken-,N,N,N,Y,Y,10:Y
गुण,Y,*gʷen-,N,N,N,Y,Y,10:Y
कूण्,Y,*gʷʰen-,N,N,N,Y,Y,10:Y;10:Y
पद,Y,*ped-,N,N,N,Y,Y,10:Y
गृह,Y,*gʰrebʰ-,N,N,N,Y,Y,10:Y
मृग,Y,*mreg̑ʰ-,N,N,N,Y,Y,10:Y
शूर,Y,*k̑er-,N,N,N,Y,Y,10:Y
सत्र,Y,*seh₁-,Y,N,N,Y,Y,10:Y
गर्व,Y,*gʷerH-,Y,Y,Y,Y,Y,10:Y
पार,Y,*per-,N,N,N,Y,Y,10:Y
कत्र,Y,*kert-,N,N,N,Y,Y,10:Y
कर्त्,Y,*kert-,N,N,N,Y,Y,10:Y
सङ्ग्राम,Y,*grem-,N,N,N,Y,Y,10:Y
कर्ण,Y,*k̑er-,N,N,N,Y,Y,10:Y
पल्यूल,Y,*pelh₂-,Y,N,N,Y,Y,10:Y
धेक,Y,*dʰeh₁-,Y,N,N,Y,Y,10:Y
